player,rating
Rory McIlroy,4.528092943076238
Jon Rahm,4.4328740281587224
Dustin Johnson,4.417169575588838
Armando Favela,4.298809496443272
Justin Rose,4.220091321831592
Ignacio Garrido,4.194928314497653
Robert MacIntyre,4.159393106471558
Jason Day,4.122192533479005
Hideki Matsuyama,4.095034636651617
Patrick Cantlay,4.087428915890133
Jordan Spieth,4.043270816941791
Brooks Koepka,4.0067002489233925
Tommy Fleetwood,3.9960606148402062
Henrik Stenson,3.989913848697121
Justin Thomas,3.9896660491912077
John Cook,3.9606573866086054
Angelo Que,3.95249400908434
Rickie Fowler,3.9431445452306395
Adam Scott,3.925073774841316
Victor Perez,3.901117408815751
Eduardo De La Riva,3.8997391568585513
Erik van Rooyen,3.892260740031029
Collin Morikawa,3.883784100690612
Paul Casey,3.8764418502824456
Matt Kuchar,3.8275137490530082
Gregory Yates,3.7808076204285044
Daisuke Kataoka,3.7579131973015416
Sungjae Im,3.7562041875684287
Richard Bland,3.755783554887338
Scottie Scheffler,3.740055587832032
Tiger Woods,3.698474303538081
Sergio Garcia,3.6976193289941404
Phil Mickelson,3.695193801415628
Chad Ramey,3.6945052591865974
Webb Simpson,3.690574756220728
Tony Finau,3.6807532429426213
Christiaan Bezuidenhout,3.6427252499267575
Tyrrell Hatton,3.637727917060253
Patrick Reed,3.622155818293563
Johan Edfors,3.6215339788089143
Bryson DeChambeau,3.5834261037913415
Carl Yuan,3.5808067255699756
Callum Shinkwin,3.568200444349057
Louis Oosthuizen,3.563913262770754
Xander Schauffele,3.549027068194559
Jim Furyk,3.5141691647207267
Andrew Wilson,3.5040978802465044
Steve Stricker,3.4902466976622577
Jimmy Gunn,3.4622419129396134
Francesco Molinari,3.4585304335554543
Bubba Watson,3.4539260045422586
Marc Leishman,3.4481755901677906
Gary Woodland,3.443166018994621
Matthias Schwab,3.4390813596520813
Mickey DeMorat,3.430578075442051
Viktor Hovland,3.427198280912421
Zach Johnson,3.4147070187224635
Harry Higgs,3.395897682618171
Daniel Berger,3.377958371431551
Siddikur Rahman,3.372876000655884
Sean Crocker,3.356854595462014
Morten Orum Madsen,3.350857123609677
Ryan Moore,3.3446628028948124
Brandt Snedeker,3.334740373788661
Ashley Chesters,3.3279365618443704
Kevin Na,3.3250841975923455
David Drysdale,3.318369682215723
Inn-choon Hwang,3.3169183930670076
Emiliano Grillo,3.308789539456911
Shane Lowry,3.2986319540817486
Ian Poulter,3.296026725422662
Keegan Bradley,3.2935720744010197
Matthew Southgate,3.282419004047493
Byeong-Hun An,3.2734496519417746
Lee Westwood,3.253996940296671
Alexander Noren,3.2507710597790376
Do-Hoon Kim,3.243294827895786
Charles Howell III,3.234632019646797
Rafael Cabrera Bello,3.2238832939566286
Calum Hill,3.2161617935082365
Aaron Wise,3.2126974532405015
Ben Kern,3.204382109734051
Joaquin Niemann,3.2026694731763397
Paul Peterson,3.1900147566551147
Haydn Porteous,3.17452157214364
Adam Hadwin,3.1730441187327214
Thomas Pieters,3.1728118135372494
Branden Grace,3.1555933786337937
Russell Knox,3.1472112654905477
Matthew Fitzpatrick,3.1447183526490146
Matt Wallace,3.1330065915358243
Charl Schwartzel,3.1264305505945567
Matthew NeSmith,3.1264290949720044
Gregory Bourdy,3.1212715708129655
Kevin Kisner,3.109464978427246
Chez Reavie,3.098527889243291
Charley Hoffman,3.0860547164281966
Brandon Wu,3.0820546550861856
Billy Horschel,3.081963314813258
Masahiro Kawamura,3.0751464790756455
Bill Haas,3.042938180053067
Ryan Palmer,3.037001917030042
Jason Dufner,3.0217692634180513
Eddie Pepperell,3.0191698732428227
Pat Perez,3.01540886720076
Jason Kokrak,3.013750260117033
Bud Cauley,3.007509139673309
Austen Truslow,3.0060256674833448
J.B. Holmes,3.0012236550237406
Tyler McCumber,2.998622133739616
Nate Lashley,2.9980999516528692
Martin Kaymer,2.996049773000748
John VanDerLaan,2.9937899955589002
Russell Henley,2.9937019318922395
Brian Harman,2.986903178311448
Harris English,2.9824179615315063
Lee Slattery,2.9736066315061995
Colm Moriarty,2.972179499331779
Brendan Steele,2.9716554565102076
Luke List,2.9692922643117847
Ryan Fox,2.968800095079561
Lucas Glover,2.960429868576273
John Oda,2.9602496341863658
Thomas Detry,2.9472699325207206
Abraham Ancer,2.9392727281959754
Beau Hossler,2.9363854589228984
Graeme McDowell,2.9295972742564858
Dylan Frittelli,2.9245421730074592
Scott Arnold,2.924136039294966
Kevin Chappell,2.923647643200686
Denny McCarthy,2.920876238084851
Ryan Yip,2.916180037873474
Marcel Siem,2.9095512211204664
Luke Donald,2.9072944254790163
Matthew Wolff,2.9042249534158087
Cameron Smith,2.8998014938773657
Scott Piercy,2.8992903588608385
Martin Laird,2.895093447508352
Nick Watney,2.89383079683569
Brock Mackenzie,2.8931646416213512
Zack Fischer,2.888797517669136
Jimmy Walker,2.886598924060054
J.T. Poston,2.8846389240056918
Andy Zhang,2.8837012967451336
Wyndham Clark,2.878774899944947
Justin Harding,2.8783498363156683
Vaughn Taylor,2.8754514729750236
Kevin Streelman,2.8751788296858924
Jamie Donaldson,2.868302615167736
Chase Seiffert,2.8664730353915475
Braden Bailey,2.865881022782479
Graham DeLaet,2.865115333143809
Ross Fisher,2.861545343555271
Sang-hyun Park,2.8604347741510887
Chris Kirk,2.8597917732459086
Julian Suri,2.8533789835932373
A.J. McInerney,2.849052362123284
Rob Grube,2.842786807868187
Adam Long,2.842524937916631
Shiv Kapur,2.8411185693357695
Keith Mitchell,2.839407427999947
Jeremiah Wooding,2.8329169448684124
Kurt Kitayama,2.8326896153598575
Andrew Putnam,2.8254568487116223
Paul Waring,2.8247541493443027
Steven Tiley,2.823667143518656
Stewart Cink,2.8234506971425324
Sam Ryder,2.821723669417537
Joost Luiten,2.818497847158086
Ken Looper,2.8181806261531324
Harold Varner III,2.8131786077538523
Maverick McNealy,2.810772452948979
Kyle Stanley,2.8078385906371035
Thorbjorn Olesen,2.8064210835181624
Jordan Smith,2.806339785370062
Austin Cook,2.8048332145398946
Bronson Burgoon,2.8028693372663054
Gregory Havret,2.7931686718606716
Cameron Davis,2.7899074743030354
Lanto Griffin,2.784412321847502
Danny Lee,2.7841375120729963
Tom Johnson,2.784076462297657
Jamie Lovemark,2.775301191005139
Talor Gooch,2.770687172476939
Jhonattan Vegas,2.7695521103508987
Toby Tree,2.765738103268343
Joel Dahmen,2.7593408900769085
Cory Whitsett,2.7586559300749443
Matthieu Pavon,2.756452420101042
C.T. Pan,2.755312957638225
Dong Seop Maeng,2.7539154189813804
Hudson Swafford,2.7484107217403073
Kevin Tway,2.74600196995988
Doc Redman,2.7456660916533995
Bob Heintz,2.745085383660419
Benjamin Hebert,2.7357067056773854
Lee Hodges,2.7356473955261853
Jinho Choi,2.7313620695180285
Kiradech Aphibarnrat,2.7308258469446143
Adam Schenk,2.7228482303100203
Nick Taylor,2.719844078367686
Aaron Baddeley,2.719722837409611
Cameron Champ,2.715341058056856
Sam Burns,2.7098546524489606
William McGirt,2.7068178236677296
Fred Couples,2.702840929296556
Matt Jones,2.7025902681271665
Bernd Wiesberger,2.7018587179122284
Kyoung-Hoon Lee,2.7010964390074577
Sebastian Munoz,2.696507848297803
Shingo Katayama,2.6921919870471767
Andy Sullivan,2.6855933485457717
Adam Svensson,2.676482631614369
Ryan Armour,2.6716458776654113
Scott Harrington,2.6680718169943862
Rory Sabbatini,2.6666883378794712
Zach Wright,2.661859676089365
Soren Kjeldsen,2.6615000892928435
Peter Hanson,2.6597071711744125
David Howell,2.652461639373704
Si Woo Kim,2.6522508314040385
Romain Langasque,2.6472170103324344
Joshua Creel,2.6430971069219047
Anirban Lahiri,2.641907982557319
Carlos Ortiz,2.6400689037781007
Corey Conners,2.6359057608613825
Victor Dubuisson,2.6329034258489328
Edoardo Molinari,2.625164858156232
Li Haotong,2.6222095802751273
Peter Uihlein,2.6150457037549937
Will Gordon,2.6136524715041496
Paul Barjon,2.613494584583037
Patrick Fishburn,2.611106686243965
Sean O'Hair,2.608770971697639
Chris Wood,2.608373514194237
Patrick Rodgers,2.606013234503804
David Toms,2.6031453719046445
Renato Paratore,2.6026601825343496
James Hahn,2.5937930404978697
Chris Evans,2.587652765784556
Bo Hoag,2.5875132994619294
David Lingmerth,2.583249352765273
Seung-su Han,2.5816427642735382
Sepp Straka,2.571587104758578
Brian Gay,2.569206499508428
Andrew Landry,2.568763865403681
Zach Murray,2.5669656180933056
Sung Kang,2.562079327336117
Nick Hardy,2.5606343282923367
Zane Scotland,2.5598572244502704
Scott Strohmeyer,2.558748095019725
Danny Willett,2.557214553063984
Andrew Johnston,2.553164027417804
Rafael Echenique,2.5484981306798797
Trey Mullinax,2.547285999139943
Braden Thornberry,2.547219388498399
Kevin Penner,2.5415635073432736
John Huh,2.5353853120614063
Alfie Plant,2.528895998005195
Ben Martin,2.526447699834373
Cameron Tringale,2.5256807355575037
Russ Cochran,2.507536880444213
Dean Burmester,2.5051003884950114
Richy Werenski,2.504293130962478
Chesson Hadley,2.501086429998276
Anthony Wall,2.498941707216397
Laurie Canter,2.4931159940402976
Ryan Blaum,2.4879258950491843
Kristoffer Ventura,2.4856599398886683
Brandon Harkins,2.4837123629953446
Scott Stallings,2.4777688115298284
J.J. Spaun,2.4774279128751564
Justin Lower,2.474686615077336
K.J. Choi,2.4743400044668933
Brice Garnett,2.4727641914553304
Henrik Norlander,2.467252716281191
Tomoharu Otsuki,2.457926898793972
Grant Hirschman,2.456066369953187
Mackenzie Hughes,2.453398996001604
Ollie Schniederjans,2.452901838788909
Jerry Kelly,2.4516011318296944
Xin-Jun Zhang,2.449135049080412
Tom Hoge,2.4467412355868587
Retief Goosen,2.443795329661904
Jeff Overton,2.434053056636709
Chris Rodgers,2.431329419854945
Michael Johnson,2.429469671984351
Shawn Stefani,2.428005370638449
Chad Campbell,2.4272093770633343
Alex Cejka,2.4269643766382596
Floris De Vries,2.4249845382665853
Robert Streb,2.4244073068278897
Justin Walters,2.423272210043761
John Peterson,2.421990099326341
Hideto Tanihara,2.4185286531246395
Daniel Summerhays,2.414749664847013
Scott Brown,2.408867240192551
David Hearn,2.4058243252568716
Dale Whitnell,2.40103269289187
Simon Dyson,2.398123327572212
Richard Green,2.3978546263368328
Johnson Wagner,2.3859221731030997
Freddie Jacobson,2.384625855790253
Brandon Hagy,2.3813718382838998
Tyler Duncan,2.380027377123469
Alex Hamilton,2.377497537778715
Grayson Murray,2.3762573555529727
Kramer Hickok,2.37572306917315
Chase Koepka,2.37397190033204
George Coetzee,2.373768470509545
John Senden,2.3705755744229404
Brian Stuard,2.369083943965036
Ben Crane,2.3659092653961133
Vincent Whaley,2.3644186192856553
Ryan Hogue,2.3617320416798258
Roberto Castro,2.36107634494803
Jung-gon Hwang,2.3595911866139505
Bryce Molder,2.359182790459325
Rikuya Hoshino,2.3573554896759554
Troy Merritt,2.3547334833846025
Wenyi Huang,2.354300238398074
Bryce Easton,2.3499346676731285
Peter Malnati,2.346837175616642
Spencer Levin,2.3464131134757413
Joseph Dean,2.344685471689395
Camilo Villegas,2.3389907971496546
Michael Thompson,2.3375835038626818
Jonas Blixt,2.3353448752423542
Patton Kizzire,2.328179868972624
Bernhard Langer,2.3208730447111514
Norman Xiong,2.320807256728995
George Cunningham,2.3195180575942365
John Kimbell,2.318006384782682
Mark Hubbard,2.315920250334469
Anders Hansen,2.3138298845240843
Ernie Els,2.31306633488439
Zac Blair,2.3125083020933817
Willy Wilcox,2.306801693496038
Seung-yul Noh,2.3028131308683606
Chris Baker,2.29898875089018
Blayne Barber,2.296832077395832
Jorge Fernandez-Valdes,2.296425067379021
Michael D. Smith,2.294698145329666
Hunter Mahan,2.292792802735324
Dylan Meyer,2.2909789222456354
Josh Teater,2.289777867259851
Fabian Gomez,2.2890465515883514
Robert Karlsson,2.2857471102904174
Cameron Percy,2.284518841313697
Ryan Brehm,2.283137145292717
Mikko Korhonen,2.280343560625894
Seamus Power,2.2767394325924495
Richie Ramsay,2.276337826305423
Chris Stroud,2.2728785800455156
Drew Weaver,2.2699242887676916
Boo Weekley,2.2695661050627365
Robert Garrigus,2.2686310006325447
Tim Wilkinson,2.267041002319459
Kyle Reifers,2.266342270514012
Jason Allred,2.2631222585735147
Hank Lebioda,2.2608899386193624
KK Limbhasut,2.260719072266521
Chase Wright,2.260083992894125
Tyrone Van Aswegen,2.2538130623306762
Chip McDaniel,2.2443133181154598
Yosuke Asaji,2.2436661770949513
Brad Elder,2.24030313742939
Scott Hend,2.239483151536493
Brendon Todd,2.233922738338698
Vijay Singh,2.233784970972371
Julian Etulain,2.230968411197842
Ricky Barnes,2.225780731061907
Martin Flores,2.221830307418773
Shubhankar Sharma,2.2209175100787957
Kyung Kim,2.219131103634713
Stephen Stallings Jr.,2.218108846777276
Wes Roach,2.217944671064395
Doug Ghim,2.212578135898452
Matt Gilchrest,2.211107270628275
T.J. Vogel,2.208958861195354
Rob Oppenheim,2.2030864977174334
David Lipsky,2.202900945872601
Brandt Jobe,2.197975294116525
Michael Putnam,2.1919807266972384
Jonathan Byrd,2.1898798973645173
Kyung-tae Kim,2.187426830191656
Sebastian Cappelen,2.1872308207706017
Thomas Bjorn,2.1850130792240083
Alejandro Canizares,2.184549994808304
Fabrizio Zanotti,2.18336481003788
Sam Brazel,2.1825451461883367
Marc Warren,2.17783685001474
Greyson Sigg,2.1776370817382764
Luke Guthrie,2.1748608884003544
Benjamin Silverman,2.17280751500845
Jose de Jesus Rodriguez,2.171854451786585
Brendon de Jonge,2.171725097955895
Bo Van Pelt,2.170165280461209
Scott Langley,2.1686559706997395
Jamie McLeary,2.1660232974060114
Geoff Ogilvy,2.162613654227828
George McNeill,2.1611079050256117
Morgan Hoffmann,2.1609728606527927
Anders Albertson,2.1585215197393506
Dominic Bozzelli,2.158471565304378
Franklin Corpening,2.157603403444611
John Parry,2.157307817796318
Andrew Coltart,2.1475349495687266
MJ Daffue,2.145115616968571
Davis Riley,2.1428490151791015
Steve Marino,2.1413660862204935
Peter Tomasulo,2.1386747815163165
Gaganjeet Bhullar,2.1271143350054844
Stephen Gallacher,2.126241486268473
Wesley Bryan,2.120745998011176
Steve Pate,2.119201736389327
Andy Pope,2.116458814775983
Scott Pinckney,2.1108541621435655
Marcus Kinhult,2.110848705550761
Rhys Enoch,2.108246341999222
Poom Saksansin,2.104293991541069
Billy Hurley III,2.103422869705722
Tim Clark,2.102406381218953
Sam Saunders,2.0989064631477503
Roberto Diaz,2.0962023728290906
Jim Herman,2.0961980660181307
Steven Alker,2.0934486974909565
Mark Foster,2.092930770141822
Steve Elkington,2.092631292396585
Justin Leonard,2.0910207967692362
Rick Kulacz,2.0902814474537816
Paul McKechnie,2.088993616206325
Stephan Jaeger,2.0873932019502903
Robby Shelton,2.087247896450715
Alistair Presnell,2.0741124956894597
Mike Lorenzo-Vera,2.074044701638319
David Lynn,2.0713621903097517
Brett Stegmaier,2.067533272950843
D.J. Trahan,2.0626599109568184
Nick Price,2.059640335501674
Padraig Harrington,2.057660117391328
Ty Strafaci,2.05414842013561
Rafael Campos,2.049525744134094
Andrew Novak,2.0470958948687605
Dawie van der Walt,2.046800978981766
Alex Kang,2.044604172691326
Jazz Janewattananond,2.0443119567389934
Ted Potter Jr.,2.0436937734321146
Charlie Danielson,2.04104380135556
Jim Knous,2.0407222723083454
Matteo Manassero,2.039197724926546
Luis Gagne,2.037298665552173
Bradley Dredge,2.0372772148707043
Clement Sordet,2.028400415171976
Thomas Aiken,2.027499124836227
Michael Allen,2.0255952204174967
Lucas Bjerregaard,2.0184478979335223
Erik Compton,2.0183608289665886
Conrad Shindler,2.0173173506202446
Max Homa,2.017033268751098
Paul Dunne,2.0107249100183937
Alvaro Ortiz,2.007126215698503
Nino Bertasio,2.0066619828106007
David Branshaw,2.004781955962611
Gareth Wright,2.003512741764094
Kevin Sutherland,2.003231649367814
Tom Gillis,2.0010869578084103
Yoshinori Fujimoto,1.9983342056524058
Lee McCoy,1.9971100503690256
Mikko Ilonen,1.9969439510378533
Roger Sloan,1.9923401916609655
Young-han Song,1.9877882543480505
Steve Wheatcroft,1.9867109204676123
Tom Lovelady,1.9864855361395004
J.J. Henry,1.9835100065924138
Charlie Wi,1.9794809198720211
Kelly Kraft,1.9777436405242979
Alex Prugh,1.976052393137442
Paul Lawrie,1.9760080726275304
Stuart Appleby,1.9756060841843108
Jared du Toit,1.9755541342775234
Jon Curran,1.9752650159534146
Gonzalo Fernandez-Castano,1.9752514194786137
Chan Kim,1.9726224701224928
Jason Bohn,1.9688032210243271
Jake McLeod,1.9662230133610032
Nicolas Colsaerts,1.9609708292327555
Simon Khan,1.9582079574159192
Jinichiro Kozuma,1.957926898793966
Hunter Haas,1.9570276473910155
Colt Knost,1.9523396925641967
Adam Bland,1.9504834460675384
Thongchai Jaidee,1.948005585470306
Alexander Levy,1.9453504106369635
Miguel Angel Jimenez,1.9425799903268586
Tom Lehman,1.937711589288252
Derek Fathauer,1.9346007941451608
Anthony Kim,1.9300252597198169
Johnny Ruiz,1.9291817833878582
Hirofumi Miyase,1.9247861344028596
Sal Spallone,1.9225725229061887
Joseph Bramlett,1.9180747977305288
Whee Kim,1.9113558340598815
Andres Romero,1.9093076903722057
Oliver Fisher,1.9040189665714544
Will MacKenzie,1.900694016473293
Bob Estes,1.8986705300279099
Nick O'Hern,1.8933536417568986
Sam Horsfield,1.890758032717621
Mark D. Anderson,1.8899693287081722
Rob Labritz,1.888411965088169
Zander Lombard,1.8830333973326887
Sang-Moon Bae,1.8826549781394317
Tom Lewis,1.8821913934826728
James Driscoll,1.8705585056083396
Andres Gonzales,1.8697169067323376
Tag Ridings,1.8658170283710838
Ben Griffin,1.865717489830456
Kelvin Day,1.8616720572655303
Jason Scrivener,1.8593210576539259
Grant Leaver,1.85642083437262
Y.E. Yang,1.8563510914515047
Cullan Brown,1.8534975867236547
Richard H. Lee,1.8509123448033191
Curtis Luck,1.8467748394667516
Michael Kim,1.8451358000603064
Nicholas Lindheim,1.8449682966345744
A-Shun Wu,1.834563166380658
Chris Riley,1.82687303784955
Jonathan Garrick,1.8257597497438895
Davis Love III,1.825643833422669
Brad Fritsch,1.8253237358237078
Romain Wattel,1.8168358665083313
Justin Hicks,1.8151646132355461
Garrett Barber,1.8106473955261877
Aaron Rai,1.8097061609296579
Wes Homan,1.8085940930689333
Angel Cabrera,1.8085917978033028
John Merrick,1.8068543349728792
Cameron Wilson,1.8060002664654957
Jimmy Mullen,1.8053995342168505
Chad Collins,1.804604517879298
Ben Taylor,1.8036906174708096
Raphael Jacquelin,1.800396592179828
Brett Coletta,1.798735733776535
Jason Gore,1.7984188758964275
Felipe Aguilar,1.7954448050981877
Greg Owen,1.7950162838420445
Alvaro Quiros,1.786323956580505
Chase Parker,1.785089834762306
Ross McGowan,1.7842076508174718
Andrew Svoboda,1.7838699111713272
David Frost,1.7806551564528532
Hayden Shieh,1.778018880385087
Kent Bulle,1.7775433417087196
Greg Chalmers,1.7683396114047356
Doug LaBelle II,1.7664846032571067
Jeremy Gandon,1.7658810227824633
Gary Christian,1.7634730410159012
Briny Baird,1.7630754480497752
David May,1.7595300821529483
Steve LeBrun,1.7568736823417361
Doyeob Mun,1.753915418981385
Brian Davis,1.753742481682722
Hennie Otto,1.7489373675410549
Ken Duke,1.74565532180298
Sanghyun Park,1.737833367384995
Ryo Ishikawa,1.7361425366663212
Matthew Baldwin,1.7300735944673302
Dean Wilson,1.7209308138458588
Michael Connell,1.7192930433318856
Will Zalatoris,1.7189394142910974
Andrea Pavan,1.7185456825605385
Zack Sucher,1.7147560887478184
Ryuko Tokimatsu,1.71219424151294
Blake Adams,1.7114110662926891
Philip Eriksson,1.7103203549796024
Danny Wax,1.7065581357696127
Case Cochran,1.7044085851877073
Joe Durant,1.704077572526775
Steve Lewton,1.702494009084346
Michael Gligic,1.6977567487113612
Chris Couch,1.6976166748640653
Matt Every,1.696839312056924
Oscar Fraustro,1.6929841993459793
Lucas Herbert,1.6928590318694248
Mark Wilson,1.6870781174796206
Gareth Maybin,1.678855333546265
Eddie Olson,1.6776353170942142
Shugo Imahira,1.674065369895485
Scott Vincent,1.672545809691806
Adilson Da Silva,1.6660096514172251
D.A. Points,1.6609678189559813
J.P. Hayes,1.6603438901034224
Kevin Dougherty,1.6569467759435499
Koumei Oda,1.6534601497878971
Cody Gribble,1.651245367352512
Grady Brame Jr.,1.648818032015557
Yuta Ikeda,1.647460387044173
Adrian Otaegui,1.6431913022524165
Jonathan Randolph,1.6398462773529339
Sebastian Vazquez,1.6301705318720485
Rod Pampling,1.6213952713605737
Aron Price,1.617620697940325
Chris Naegel,1.611013558500383
Joey Garber,1.6098049994966959
Casey Wittenberg,1.6087751145766775
Carl Pettersson,1.6079441661284886
Hiroshi Iwata,1.6038127983269876
Martin Piller,1.6035740453466085
Rhein Gibson,1.602216435982505
David Lawrence,1.598730646418223
Rikard Karlberg,1.5937657481600844
Cory Renfrew,1.5928672355521036
Peter Whiteford,1.5902814474537843
John Singleton,1.5889936162063165
Jeff Quinney,1.5867358637093778
Sahith Theegala,1.5860853188177
Kyle Suppa,1.5837998613639084
Oliver Goss,1.5819797503209443
Brian Campbell,1.577894972074572
Bill Lunde,1.5777638046735016
Cyril Bouniol,1.5733803378682087
Tom Pernice Jr,1.5732543917823136
Tyler Aldridge,1.571846925559857
Matt Marshall,1.5634946318166605
Peter Hedblom,1.5598123474900207
Jason Norris,1.558154732820975
Connor Syme,1.5530647139351719
Phillip Choi,1.5483098001911366
Shaun Norris,1.5420897083274445
Marcus Fraser,1.541480390008719
Kent Jones,1.527978787706975
Eric Chun,1.5268870846186104
Wesley McClain,1.5234818376183947
Erick Justesen,1.5223208470903902
Sung Joon Park,1.5206390831142274
Warren Bennett,1.5185442136291838
Juvic Pagunsan,1.5163831836631092
Kevin Stadler,1.5116517997714611
Billy Mayfair,1.504160054073246
Peter Senior,1.5037646170047847
John Mallinger,1.5023592672113288
Corey Pavin,1.4973563300625954
Chris Williams,1.495190543178003
David Pastore,1.4899138429012218
Michael Gellerman,1.4857896143241625
Richard Scott,1.4851095923899686
Wade Ormsby,1.4842368113750077
Seunghyuk Kim,1.4813620695180645
David Skinns,1.4808573035834773
Richard Lee,1.4793007893073524
Nicholas Thompson,1.473060130814848
Garrett Willis,1.4674625070568013
Brady Schnell,1.461825607805218
Jeff Maggert,1.4532669080510974
John Catlin,1.447919509579627
Brett Quigley,1.4468250651433867
Ryan Helminen,1.4466033544164885
Clayton Rask,1.4440950597841118
Randall Hutchison,1.441184891430944
Ryuji Imada,1.4357212245743087
Woody Austin,1.4353436406654247
Stephen Ames,1.4341930202728237
Adri Arnaus,1.430897097164726
Kenny Perry,1.4268045174043293
Scott Gutschewski,1.4247644557636443
Dan Obremski,1.4223055628317596
Aaron Townsend,1.4212357615999154
Brady Watt,1.4109727518053674
Richard Jung,1.4030903563060833
Jarrod Lyle,1.4009815107489125
Robert Rock,1.3968237287453338
Hyung-Sung Kim,1.3965866013704038
Joel Stalter,1.395337511350876
Nathan Green,1.3936976562418837
Bio Kim,1.3878228592781197
Tim Herron,1.386098565927148
Jeev Milkha Singh,1.3835511353332444
Joey McLister,1.3819248438649872
Jay Woodson,1.3779963171157739
Trevor Immelman,1.3704577780210876
Matthew Short,1.3687378373505454
Andre Stolz,1.3633520738627922
James Nitties,1.3626179495836843
Hayden Buckley,1.3610382314636198
Dicky Pride,1.3597077705048957
Lee Williams,1.3559964097514892
Rodolfo Cazaubon,1.3557287114169179
Chris Tidland,1.3537973486920019
Yuki Inamori,1.35291827062078
Nick Mason,1.3473622275291075
John Rollins,1.3453913471164949
Toshinori Muto,1.3431103721949456
Garth Mulroy,1.3429876822164415
Shane Bertsch,1.339560650731678
Bronson La'Cassie,1.3369422952071939
Ryan Ruffels,1.335479149531256
"Jerry Richardson, Jr.",1.334750103439758
Jay Williamson,1.3306781657340565
Jack Maguire,1.3255469375380555
Kyle Jones,1.3242700261145675
Zecheng Dou,1.322117823826425
Thomas Birdsey,1.3199916044695763
WC Liang,1.3195525679428384
Vince Covello,1.3153293997948892
Neil Schietekat,1.311574540273889
Michio Matsumura,1.3097796442344076
Daniel Miernicki,1.3073528381159591
Charles Warren,1.2982749856751568
Lee Janzen,1.2974820392518516
David Mathis,1.2968881892780317
Marco Dawson,1.2968336301058636
Chandler Phillips,1.2910785904786028
Jean-Francois Lucquin,1.290682439394192
Ben Leong,1.2882987978837572
Ethan Tracy,1.2882833482539802
Eric Axley,1.2861523981168332
Richard Sterne,1.2806597911404387
Miguel Angel Carballo,1.2788143782174468
Taylor Moore,1.276989137365001
Broc Everett,1.2768444365819422
Mark Anguiano,1.276814908978476
Justin Suh,1.2744939016940353
Rocco Mediate,1.274482905635193
Oscar Floren,1.267961907367484
Wen-Chong Liang,1.2578408941224801
Chris Paisley,1.2570532973169373
Seth Reeves,1.2531102785940562
Glen Day,1.2450827892134306
Joe Ogilvie,1.2406540590334654
Hyungjoon Lee,1.2396065066008113
Fred Funk,1.2363199152193647
Ryan McClintock,1.2353558454803486
Adam Cornelson,1.2330189585439721
Tyson Alexander,1.230926483011111
Alexander Bjork,1.2280573076770296
Tommy Gainey,1.2268894596772166
Nate Smith,1.2221130960704012
Peter Gustafsson,1.2212538933504695
Daniel Barbetti,1.221253893350453
Arjun Atwal,1.2210074165379488
Ben Kohles,1.2198548388909893
Scott Dunlap,1.2158206572572718
Paul Stankowski,1.215351532588473
James Kingston,1.208879088505587
Michael Sim,1.2079212644133932
Chris DiMarco,1.2074421072894685
Fredrik Andersson Hed,1.2003569322214438
Heath Slocum,1.1996125166483327
Byron Smith,1.197101415520399
Adam Hart,1.194280911100841
Michael Bradley,1.1896041075889232
J.J. Killeen,1.1844618522941095
Rick Lamb,1.1839051486698466
Paul Goydos,1.1835367905400749
Harrison Frazar,1.1832540738570327
Alexandre Rocha,1.179726986638701
Ben Curtis,1.1779809206540766
Brett Drewitt,1.171213916963897
Jeff Klauk,1.1584012099807217
Richard McEvoy,1.1557541365084587
John Ellis,1.1457277927786933
Mikumu Horikawa,1.1410725909393555
Michael Letzig,1.1401960366241717
Andrew Loupe,1.137190759355506
Kris Blanks,1.1365132169363168
Gavin Coles,1.1224190654847646
Satoshi Kodaira,1.1217469658232342
Jbe' Kruger,1.1177331809097213
Tim Petrovic,1.1176553878788484
Lance Lopez,1.1158157783853193
Kirk Triplett,1.1136096690559167
Jae-Bum Park,1.112674569339577
Trevor Fisher,1.110253346709713
Jason Schultz,1.1050472111597751
Richard S. Johnson,1.1033482634018315
Shaun Micheel,1.1025411531909357
Ryan Evans,1.1003980579011672
Aaron Watkins,1.0987302667124716
Derek Tolan,1.0972305458953808
Robert Allenby,1.0953049789365576
Jay Don Blake,1.0926910944599912
Nicolai Hojgaard,1.0904042512462229
Derek Ernst,1.090077958931374
Nelson Lauta Ledesma,1.08548180899759
Tom Whitney,1.0839420737681182
Todd Fischer,1.0829502821521049
Oliver Wilson,1.081721096703117
Pablo Larrazabal,1.0810125965536312
Duffy Waldorf,1.080204634966832
Prayad Marksaeng,1.0796114967161514
Steven Ihm,1.0691262986895678
Santiago Luna,1.0596081809786166
Matt Atkins,1.0545983360337452
Brandon Stone,1.0530713439597816
S.S.P. Chawrasia,1.0525119123632394
Andrew Dodt,1.0293118571098714
Smylie Kaufman,1.0261678841497266
Gary Stal,1.0256063979463224
David Markle,1.023501675436993
Victor Ciesielski,1.0235016754369828
Kyle Westmoreland,1.0230032031380114
Mathew Goggin,1.019816114976547
Will Cannon,1.0124667538186245
Marcelo Rozo,1.0117270638775766
Ryuichi Oda,1.0107107573000629
Miguel Tabuena,1.010418774948071
Kenny Pigman,1.00582649464378
Scott Jamieson,1.0008120051739953
Henrik Bjornstad,0.995956285102202
Nigel Spence,0.98502338756731
John Chin,0.9799076625839793
Thomas Lim,0.9780265023328503
Kenneth Ferrie,0.9724845382665617
Jake Knapp,0.9680136617415892
Esteban Toledo,0.9574939449600013
Parker McLachlin,0.954487786500913
Corey Nagy,0.9509404517738262
Mark Silvers,0.9504550629289785
Drew Nesbitt,0.9489385982878388
Jordan Russell,0.9397416565802346
Katsumasa Miyamoto,0.9388555221080994
Jeunghun Wang,0.9386457184369339
Christo Greyling,0.9354000910536896
Kenichi Kuboya,0.935400091053672
Darren Wallace,0.933640764611674
Scott Verplank,0.9315299207969301
Austin James,0.9291817833878608
Nicholas Cochran,0.9248662456019823
Chris Thompson,0.9230155568835148
James Morrison,0.9181146849438848
Colin Montgomerie,0.9130560382424837
Dudley Hart,0.9118582784843667
Paul Azinger,0.9103228183916652
Garrett Osborn,0.901524661260381
Bart Bryant,0.9014078147016902
Hyun-woo Ryu,0.8995027843134686
Michael Sims,0.8966587463175687
Mike Miller,0.8873303615554847
Troy Matteson,0.882752822232809
Steve Allan,0.8799429611809129
Ben Cook,0.8675898254837775
Jeff Curl,0.8675344062493415
Creighton Honeck,0.8672196549942898
Richard T. Lee,0.8623527667881861
Shigeki Maruyama,0.8616147886598167
Chip Deason,0.8549034516433942
Jim Renner,0.8543919248199696
Will Claxton,0.8524403443730395
Ashton Turner,0.8507046636646225
Olin Browne,0.8477230063545398
Isaiah Salinda,0.840729257210179
Lucas Lee,0.8397508108013456
Ben Geyer,0.8392524214375771
Austin Connelly,0.8390773972215408
Mark O'Meara,0.838326718065035
Mark Calcavecchia,0.830325897532842
Tom Watson,0.8290093874317066
Matt Bettencourt,0.8204080657243904
Steve Flesch,0.8131085374678831
Jin Park,0.812602914686476
Etienne Brault,0.800226364606945
Yusaku Miyazato,0.7997582827869393
Cole Miller,0.7996239652578102
Michael Hendry,0.7995695555178843
Bryson Nimmer,0.7935102486148623
Michael Clark II,0.7883022931870778
Fran Quinn,0.7773943483077388
D.J. Brigman,0.7772853036771543
Troy Kelly,0.7772138131051081
Jeff Brehaut,0.7768149089784697
Bubba Dickerson,0.7737896224685431
Niclas Fasth,0.7679619073678033
Roland Thatcher,0.7649663531948401
Sang-hee Lee,0.7619113020496479
Phachara Khongwatmai,0.7540923179968969
Charles Reiter,0.7525016352651419
Jordan Niebrugge,0.7508781182195088
Zach Cabra,0.7462218155964399
Hunter Stewart,0.7405018581967695
Brett Wetterich,0.739260988984957
Drew Kittleson,0.7375212504160271
Skip Kendall,0.7366952263453395
Charlie Beljan,0.7314950638017494
Craig Barlow,0.7230190554024856
Patrick Sheehan,0.7164896647988718
Kyle Mueller,0.7161428786339862
Patrick Wilkes-Krier,0.7161428786339813
Martin Trainer,0.7084428534710758
Robert Damron,0.7039736792174784
Jorge Campillo,0.6972042741661328
Ben Fox,0.6944101996910874
Lion Kim,0.6905739194232999
Chan Shih-chang,0.688842727277931
Paul Broadhurst,0.68880788272455
Todd Demsey,0.6744766476327476
Bobby Gates,0.67416731596312
Derek Lamely,0.6680660650942969
Chris Wilson,0.6593863319622008
Derek Bard,0.658638267480751
Jimmy Stanger,0.6583457572252126
Eric Meierdierks,0.6482345742671636
Toru Taniguchi,0.6423837290426354
D.H. Lee,0.6367337079157539
Dong-Kyu Jang,0.6326921812458294
Marc Turnesa,0.6278479050236923
Sean Kelly,0.6275930577707044
Jeff Burns,0.6259452213402945
Jose Coceres,0.625009980487254
Jordan Zunic,0.6186738305482442
Scott McCarron,0.6181028598772552
David Horsey,0.6150703876077436
Roger Tambellini,0.6094542659428693
Sam Locke,0.6036632508297739
Michael O'Neal,0.6006467195981949
Mathias Gronberg,0.5980828963071625
Domenico Geminiani,0.5980569351022171
Tommy Biershenk,0.5959097076810899
Tyler Torano,0.5950433431269616
Stuart Manley,0.592930770141836
Tyler Light,0.5929266189036877
Marcus Armitage,0.5904042512462303
Yi Keun Chang,0.5785259965684793
Kyongjun Moon,0.5747239031599252
Timothy O'Neal,0.559012972128182
Thaworn Wiratchant,0.5518805160704092
Alex Moon,0.551612747442536
Scott Gardiner,0.5485208328939658
Darren Fichardt,0.5484828629622578
Rhys Davies,0.5441557438232322
Akshay Bhatia,0.5438329478703149
Hunter Hamrick,0.5418228763392086
Rich Beem,0.531308984911559
S.M. Lee,0.5297771603004078
Derek Rende,0.5297771603004018
Kevin Foley,0.5290100965979933
Brenden Pappas,0.5273769067640269
Jonathan Bartlett,0.5264709766751676
Rich Barcelo,0.5251389505225483
Kyle Thompson,0.5235591264027151
Matt Dobyns,0.5220681551992324
Cliff Kresge,0.5218771214526298
Jason Knutzon,0.51883694954622
Gavin Green,0.5142865974524303
Larry Mize,0.5138787358125936
Sean McCarty,0.5130753892081332
Keith Fergus,0.5129077485084278
Steven Bowditch,0.5079737094379209
Brian Dwyer,0.5012937037068441
Taylor Pendrith,0.49809580260205083
MJ Maguire,0.49645785137745446
Curtis Thompson,0.49166910272446884
Jared Sawada,0.48955877577829265
Hank Kuehne,0.4892604546598871
Bobby Hudson,0.48555658197984747
Jeff Gove,0.48393091333590654
Tyler Rody,0.477343751147015
Grover Justice,0.46945866718909973
Berry Henson,0.4471141770514177
David Peoples,0.4426140344126322
Eric Morales,0.43619207278480837
Vance Veazey,0.43358500700949565
Guy Boros,0.4312321403479207
Darron Stiles,0.4300306657477111
Braxton Marquez,0.42161393563103655
Dustin Risdon,0.4214301493077991
Sam Walker,0.42123576159993337
Ash Hall,0.42123576159991793
Barry Lane,0.42123576159989506
Trent Whitekiller,0.41606296690921046
Daniel Chopra,0.41353682797038716
Blake Taylor,0.40952607611450137
Jon Mills,0.40292078974555307
Tadahiro Takayama,0.39926775151414107
Bobby Wyatt,0.3923857587570807
Will Grimmer,0.3884663218535207
Nyasha Mauchaza,0.3728404618492648
Brett Rumford,0.3705328433160996
Garrett Frank,0.36696559065368206
Matt McQuillan,0.36214541222460606
John Daly,0.3584985835399015
Carlos Sainz Jr.,0.34620279555464717
Justin Bolli,0.3386925596907734
Peter Lonard,0.3357410259749297
Sihwan Kim,0.3305629879313487
Brent Grant,0.3284775028507699
Andrew McLardy,0.3247334378914882
Federico Garcia,0.3229681428303237
Mark Baldwin,0.32092467928860385
Jesper Parnevik,0.3155874929480357
Prom Meesawat,0.3077442138626561
Cam Burke,0.30620754690701135
Casey Russell,0.2928519528769529
Willie Wood,0.29211851832251196
Mark Hensby,0.28822058928865685
Justin Doeden,0.2841614823452358
Daniel Hillier,0.278018880385078
Benjamin Alvarado,0.2774271175373329
Grant Sturgeon,0.2772325444562756
Soo-min Lee,0.27148711667101744
Jeongwoo Ham,0.26835029967025026
Won Joon Lee,0.2683502996702428
Ben Stow,0.26796190736746783
John Hurley,0.26424975048580446
Dustin Bray,0.2613053177372867
Darren Clarke,0.2610942680682622
Matthew Edwards,0.25953008215296264
Jorge Garcia,0.2577190074493502
Jose Manuel Lara,0.25704866990261815
Zack Miller,0.25073874545906805
Brian Gaffney,0.2499874528743158
Cameron Beckman,0.24653194739604678
Justin Itzen,0.24626539913392437
Eric Dugas,0.2251664801369926
Tyler Raber,0.21614287863398582
Nick Cullen,0.21529972371089637
Edward Loar,0.2149534435249476
Hiroyuki Fujita,0.2106458456397789
T.J. Kua,0.21019792750072724
Graeme Storm,0.20179932182685575
Yoshinobu Tsukada,0.19595116639348759
Jason Widener,0.19409194664711316
Zach J. Johnson,0.1912054832222854
Ted Purdy,0.19109579076857308
Steve Lowery,0.18845619725697277
Matt Hill,0.18151837003591206
Vince India,0.16611052542319882
Omar Uresti,0.165048478800353
Dru Love,0.14769979387455479
David Lutterus,0.14421581765546188
Warren Schutte,0.14266266919876378
Julio Santos,0.13351365304250343
Kristoffer Broberg,0.13280881431498326
Sean Jacklin,0.1317149315753988
Javier Colomo,0.13171493157539485
Jay McLuen,0.11365062207059126
Bobby Bai,0.09993466767313045
Todd Hamilton,0.09877106560791682
Thomas Curtis,0.09040425124623053
Victor Riu,0.08899361620630679
Derek Gillespie,0.08588969239359728
Geoffrey Sisk,0.06630775315892007
Anthony Summers,0.06393883746552727
Brent Delahoussaye,0.06365698381438883
Zack Reeves,0.06314578413009862
Anthony Paolucci,0.05659327320741641
Daniel Mitchell,0.054863867157599215
Ashley Hall,0.05364014987556501
Nathan Holman,0.047330032199424776
Lian-Wei Zhang,0.04544480509820034
Wilfredo Morales,0.04512991564711488
Jesse Mueller,0.0411642650041783
Tetsuji Hiratsuka,0.03643788725628842
Nick Dougherty,0.035350016918621836
Mike Weir,0.03361723206041045
Alex Smalley,0.02300320313802258
Wes Short Jr.,0.01997855124396647
James White,-7.704627951257703e-14
Shaaban Hussin,-8.481784068495313e-14
Bhavik Patel,-9.891767309769262e-14
Lee Bedford,-1.0940754595692437e-13
Stefan Wiedergruen,-1.0978398095121134e-13
Liang Wen-Chong,-1.1179626018334443e-13
David McKenzie,-1.1357261702274468e-13
James Sacheck,-1.1401670623259474e-13
Ik-Jae Jang,-1.1448855101806044e-13
Han Lee,-1.1543224058899182e-13
Jason Hill,-1.1756941991139525e-13
Scott Weatherly,-1.193457767507955e-13
Eric Onesi,-1.2067804438034568e-13
Estanislao Guerrero,-1.2067804438034568e-13
Brendan Gielow,-1.2201031200989587e-13
Sean Shahi,-1.2201031200989587e-13
Scott Parel,-1.2245440121974593e-13
Chan Yih-shin,-1.2378666884929612e-13
Brian Duncan,-1.2378666884929612e-13
Pablo Acuna,-1.2467484726899625e-13
Chao Li,-1.2556302568869637e-13
Won Lee,-1.2556302568869637e-13
Seath Lauer,-1.2600711489854644e-13
Mitchell Gillis,-1.264512041083965e-13
Augusto Nunez,-1.264512041083965e-13
Hao Yuan,-1.264512041083965e-13
David Gleeson,-1.264512041083965e-13
Shawn Jasper,-1.2689529331824656e-13
Wade Ballard,-1.2689529331824656e-13
Brent Witcher,-1.2822756094779675e-13
Santiago Rivas,-1.2911573936749687e-13
Philip Pettitt Jr,-1.30003917787197e-13
Darren Angel,-1.3044800699704706e-13
Phillip Mollica,-1.3251406265693544e-13
Brett Swedberg,-1.3755343435464806e-13
Pariya Junhasavasdikul,-1.3977388040389838e-13
Jason Preeo,-0.0029628482719256874
Frank Lickliter II,-0.005345548096259645
Will Strickler,-0.013242457646234274
Mu Hu,-0.015112074049170088
Thomas Levet,-0.019764424366135874
Matthew Griffin,-0.02092653521593646
Andrew Johnson,-0.02201964912504594
Oliver Farr,-0.02625464628168868
Tjaart van der Walt,-0.026254646281759816
Matt Weibring,-0.03308326262108646
Byron Meth,-0.03351968119399837
Carl Paulson,-0.04201312742811791
Edward Figueroa,-0.047545214219505
Jim Carter,-0.0505002537100723
Carlos Franco,-0.05577919144358817
Dave Schultz,-0.06057354450953288
Daniel Kim,-0.07081821661215096
Michael Perras,-0.08502809427501024
Jacob Eggers,-0.09657352488220541
Chang-woo Lee,-0.10122993372139225
Tae Hee Lee,-0.10265961335134921
Kodai Ichihara,-0.1077921803309072
Corbin Mills,-0.11904359095465132
Ryan Sullivan,-0.1214024347269622
Diego Velasquez,-0.12423351217099345
Andrew Georgiou,-0.12452053402534465
Mike Carbone,-0.1261374394669864
Jonathan Fly,-0.12621642015498022
Scott Gordon,-0.1276438458032242
Matthew Millar,-0.1289883429630791
Alex Carpenter,-0.1321629435476769
Jason Caron,-0.1324101745162078
Danny Chia,-0.14030633373919188
Donald Constable,-0.1403524828940963
Jesse Hutchins,-0.14288798692106255
Anthony Broussard,-0.14585580256179087
Maximilian Kieffer,-0.14585580256185215
Jaco Van Zyl,-0.1532919878159661
Dino Giacomazzi,-0.16305806041362766
Ben Wolcott,-0.18381203419233935
Daniel Brooks,-0.18381269772708037
Wes Heffernan,-0.1856525405252624
James Vargas,-0.19168733830744383
Jerod Turner,-0.1946951460663522
JC Deacon,-0.19977363539304746
Paul Sheehan,-0.209317560605851
Daniel van Tonder,-0.2163515565844915
Mark Brown,-0.21942327512108262
David Duval,-0.2215175132176741
Armando Villarreal,-0.22163837311028023
Dawson Armstrong,-0.23068349172488473
Hunter Green,-0.23869468226266477
Cooper Musselman,-0.24075273251368356
Tom Byrum,-0.24638411811503616
Neal Lancaster,-0.2471286810146116
Antonio Lascuna,-0.25133435367999646
Jose Maria Olazabal,-0.25720599446123493
Stephen Gangluff,-0.2660692110690409
Matt Thompson,-0.2722885102926832
Kevin Johnson,-0.2816394387431217
Thitiphun Chuayprakong,-0.28385712136600494
Christopher Crawford,-0.2838571213660204
Alex Aragon,-0.28466885878371484
Darrell Kestner,-0.28613097823800304
Craig Bowden,-0.3073470548055637
J.L. Lewis,-0.31588293234468906
Ben Willman,-0.31659739788049657
Derek Barron,-0.322849631569303
Manuel Villegas,-0.33854318555138685
Greg Gregory,-0.3397973811638836
Christopher Deforest,-0.36404510484039504
Rich Berberian Jr.,-0.36988336689573975
Todd Baek,-0.3755564836505942
Nick McCarthy,-0.407069229858177
Luca Cianchetti,-0.4070692298581801
Mark Laskey,-0.4097185525462068
Brad Kennedy,-0.40971855254620837
Yan-wei Liu,-0.4166124875011416
Arron Oberholser,-0.42370416681933654
Tyler Ota,-0.43156482654908457
Oliver Bekker,-0.44233257328466785
Michael Miller,-0.44585157986439156
Joey Snyder III,-0.4467235368706337
Will Collins,-0.45249820092602383
Ryan Baca,-0.4662997435116306
Mookie DeMoss,-0.47022283969957046
Loren Roberts,-0.4731129153813865
Jean Hugo,-0.4731129153814421
Philip Archer,-0.47311291538144745
Gunn Yang,-0.47395656513874096
Carter Jenkins,-0.4845783071147703
Gene Sauers,-0.5044764905473419
Blake Trimble,-0.5063873685174761
Nicholas Fung,-0.5141863013639346
Junghwan Lee,-0.518637930481947
Brett Nutt,-0.5223589026898952
Mark Anderson,-0.5274911188366335
Len Mattiace,-0.5308496147903847
Jack Senior,-0.548663408360362
Jesse Droemer,-0.549616703664536
Kyle Robbins,-0.5497920184588575
Billy Andrade,-0.5549910229118168
Tyler Dunlap,-0.5567082130579303
Jesse Smith,-0.572546370690961
Tom Scherrer,-0.5734047999641126
Patrick Martin,-0.5830636140678332
Logan Lagodich,-0.5904739238854895
Shintaro Ban,-0.5950850891941879
Ted Brown,-0.5956682011124397
Paul Imondi,-0.6010890568937072
Matias Dominguez,-0.6163240293942209
Jeff Corr,-0.6195301696679613
Daisuke Maruyama,-0.6293612840247896
Yoshio Yamamoto,-0.6308861489480728
David Oh,-0.645855802561912
Shunsuke Sonoda,-0.6476035679410387
Erik Flores,-0.6718833259677848
Aaron Goldberg,-0.6728258774513505
Minchel Choi,-0.675877653504561
Leif Olson,-0.6812139525895085
Andy Matthews,-0.6828317754046954
Scott Strange,-0.6838126977270909
Alister Balcombe,-0.6838126977271403
Philip Francis,-0.6841801748859105
Blair Hamilton,-0.6855301934512263
Steve Schneiter,-0.6923011898643054
Chris Smith,-0.6940717771616403
Tommy Armour III,-0.6979140883845562
Beon Yeong Lee,-0.6992125021083454
Marty Jertson,-0.7070032603708474
Jacques Blaauw,-0.7126811926231404
Ho Sung Choi,-0.7167283369958349
Peter Laws,-0.7169994511480623
Steve Dartnall,-0.7250820406351977
Guan Tianlang,-0.7280229399586102
Mark Brooks,-0.731068110023781
John Wade,-0.7320380926324058
Darryn Lloyd,-0.7320380926325866
Glen Griffith,-0.7357502495141729
James Heath,-0.7380886979503433
Zack Byrd,-0.7404699178470422
Tatsuya Kodai,-0.7405719894386297
Jimmy Brandt,-0.7405861445174395
David Gossett,-0.7455801839310685
John Hahn,-0.751895859798174
J.C. Anderson,-0.7550017435400252
Branson Ferrier,-0.7669810414560235
Matthew Borchert,-0.7838571213660148
Roger Chapman,-0.786130978237964
Kevin Hayashi,-0.7908422500773711
Steven Jeffress,-0.7913566453590343
Matt Fast,-0.7967852750510404
Pablo Martin,-0.8016637411530012
Nathan Smith,-0.8067493382258043
Greg Kraft,-0.8068205378266542
Raymond Knoll,-0.8174832717112372
Michael Arnaud,-0.8255955932049277
Jacob Bergeron,-0.8407317115387347
Paul McConnell,-0.8410898424123934
Stuart Smith,-0.8520332744234369
Brad Faxon,-0.8529399179547363
Phil Tataurangi,-0.8546528339371671
Joe Affrunti,-0.8575231793504914
Austin Smotherman,-0.8724069422292869
Jamie Sadlowski,-0.8821972332860506
Russell Budd,-0.8924185828903963
Mito Pereira,-0.8952158429047332
Brad Adamonis,-0.8956779457159869
Danthai Boonma,-0.9095957487537387
Chris Rogers,-0.9345884732009431
John Inman,-0.9368542158699574
Theo Humphrey,-0.9458515798643784
Eugene Wong,-0.9463427861441907
John Morse,-0.9487611850875124
Paul Scaletta,-0.9523854260963773
Will Dodson,-0.9548700843529494
Paul Streeter,-0.9731129153812821
Jamie Abbott,-0.9731129153814224
Andrew Parr,-0.9764983245630352
Greg Doherty,-0.9764983245630763
Paul D. Haley,-0.9786288104173422
Matthew Richardson,-0.9790880428047222
Kaname Yokoo,-0.9840324530656809
Ty Tryon,-0.988641196693195
Wade Binfield,-0.9940875078077123
Ki Taek Lee,-1.0021810951967476
John Lyras,-1.0083872771298243
Tadd Fujikawa,-1.0162628429719374
Michael Davan,-1.0262546462817954
Curtis Reed,-1.0321979082722523
Marcos Montenegro,-1.0478667726963686
Yuwa Kosaihira,-1.069292411894825
Kevin Carll,-1.0845599833526072
Tano Goya,-1.089227707516208
Notah Begay III,-1.0907302312416352
John Huston,-1.0955796370550632
Jean-Philip Cornellier,-1.1063360835325555
Jason Roets,-1.1065331871287296
Ryan Vermeer,-1.111948179823879
Gregor Main,-1.1143485811975649
Dan Forsman,-1.1242045979713162
Tomoyo Ikemura,-1.125827526578148
Christopher Brown,-1.1327803450057405
Chris Baryla,-1.1416693113219891
Mardan Mamat,-1.1420613870137977
Jerry Haas,-1.1428879869210673
Simon Griffiths,-1.1458558025618941
Dustin Morris,-1.1504531330345085
Steven Fox,-1.1621880210972706
Neal Ajubita,-1.1690626687998058
Sam O'Dell,-1.1719090522187678
Joseph Deraney,-1.1997736353930595
Kent Eger,-1.2093175606057875
Brett Jones,-1.2227674555436936
Hugo Bernard,-1.2239247168622076
Brad Dalke,-1.226204365232316
Kurt Barnes,-1.226511968578935
Lloyd Saltman,-1.2320380926326473
Lasse Jensen,-1.2380886979503356
Harry Hall,-1.239280927733464
Brian Locke,-1.2404699178470404
Dae-hyun Kim,-1.2404699178470555
Mike Northern,-1.2446087354021862
Tim Thelen,-1.245537509533086
Yan Liu,-1.2475425412691468
Jin Jeong,-1.2588040060569723
Grant Waite,-1.2885119467220585
Cesar Costilla,-1.3051060372351353
David Morland IV,-1.3051060372351726
Ronnie Black,-1.305106037235182
Shawn Warren,-1.3087945167777093
Jonathan Kaye,-1.3197242779257643
Gary Boyd,-1.3533324137253706
Masanori Kobayashi,-1.3548052135121864
Rahil Gangjee,-1.3556707259904552
Zechariah Potter,-1.382555300285331
Benjamin Polland,-1.3896929828023723
Kurt Slattery,-1.4012693535817615
Chih-Bing Lam,-1.4097185525462255
Joseph Summerhays,-1.4186210250886688
Henry Chung,-1.422891941616414
Stu Ingraham,-1.4260021709877173
Alejandro Munoz,-1.4273079304819585
Alex Redfield,-1.4286498837201156
David Gazzolo,-1.4458515798643854
Casey Martin,-1.4471949557974326
Brendan Jones,-1.4485948842178604
Yoshitaka Takeya,-1.4491750283288451
Neil Johnson,-1.4553576776187196
Ian Woosnam,-1.4620368446708385
Kyle Owen,-1.462612952523079
Jay Delsing,-1.4692527747066488
Casey DeVoll,-1.4773280818487338
Mike Perez,-1.4845729733309696
Mike Miles,-1.4870922514916107
Sean Yu,-1.4913766976131588
Hugo Leon,-1.494087507807731
Garrick Porteous,-1.4995960425701662
Mike Small,-1.5106955268434246
Daniel Popovic,-1.5125812390464148
Danny Balin,-1.5131494596807242
Blaine McCallister,-1.522792076573462
Andrew Yun,-1.5282563011343868
Jon McLean,-1.5293867164369093
Ryan Wenzler,-1.5305413328109005
Michael Jonzon,-1.5411209114944235
Connor Arendell,-1.5465979077575904
David S. Bradshaw,-1.5474336151985773
Josh Broadaway,-1.5517973056016434
Jeronimo Estevez,-1.5567082130579486
Michael Block,-1.5596441480217806
Marc-Étienne Bussières,-1.5635491349197745
Kelly Mitchum,-1.5643505574276788
Jerry Pate,-1.5651127953622994
Paul McGinley,-1.579262299558087
Dalton Ward,-1.5956682011124523
Matthew Giles,-1.601089056893785
Daniel Augustus IV,-1.603341253682414
Gary Nicklaus,-1.6033412536824163
Drew Scott,-1.6148528973604879
Albin Choi,-1.6157092142027505
Joseph Juszczyk,-1.6195301696679878
Rhadames Pena,-1.6253927357280147
Rod Perry,-1.63381309409996
Jim Gallagher Jr.,-1.6429843438053269
Justin Bertsch,-1.6476397291302396
Alan Dunbar,-1.6540118405569753
Arie Irawan,-1.65721517515312
Eamonn McLoughlin,-1.657741162162721
David Chung,-1.6601507872860053
Travis Hampshire,-1.6740415427633202
Charlie Holland,-1.6803579159092452
Riley Wheeldon,-1.6826374133705173
Jonathan Moore,-1.6838126977270746
Josh Persons,-1.685526381677319
Jordi Garcia Pinto,-1.6889503629228195
JC Ritchie,-1.691845267179031
Barrett Jarosch,-1.693792453092965
Grant Forrest,-1.6944028547908698
Zach Zaback,-1.7010874510709129
Huilin Zhang,-1.7126811926231296
Kevin Shields,-1.72119104463459
Matt Naumec,-1.7219811196148922
Mark Mulder,-1.723185091021528
Tyler Leon,-1.725082040635198
Sandy Lyle,-1.7310549909850512
Paul Howard,-1.738088697950346
Andreas Hartoe,-1.7404699178470544
Yosuke Tsukada,-1.7521425975047484
Tom Gardner,-1.7537346008660313
Caine Fitzgerald,-1.7550017435369403
Robert Gaus,-1.755001743538728
John Riegger,-1.7624787495839895
Pierre-Henri Soero,-1.7850688218131705
Brett Lederer,-1.78926055688641
Garrett Rank,-1.8309681555277013
Scott De Borba,-1.8412465801855387
Jhared Hack,-1.8589350765208659
Jaysen Hansen,-1.8627307340991979
Michael Schoolcraft,-1.866645361388774
Chang-won Han,-1.874355111403086
Adam Rainaud,-1.885397183633916
Nick Faldo,-1.8882247757945003
James Beale,-1.8964564308747658
Isaac Weintraub,-1.9039707447200047
Chris Marin,-1.9039707447200422
Christopher Hanson,-1.911006383793712
Kevin Hall,-1.9158200605191582
Spike McRoy,-1.916089847126716
Tommy Sharp,-1.918621025088667
Ryan Benzel,-1.9260021709876605
Dong-hwan Lee,-1.9360611625344324
Michael Hoey,-1.9368316214185626
Craig Hocknull,-1.9378300333821805
Brian Bateman,-1.9432131837253854
Kristoffer Reitan,-1.9458515798643903
Robin Freeman,-1.9543854516380847
Phil Schmitt,-1.9611286180479326
Mark Haastrup,-1.9731129153813605
Nick Flanagan,-1.9961852199371186
Derek Sanders,-2.057385965587588
Max Alverio,-2.0661739909496912
Oscar Serna,-2.074810943600752
Elliot Saltman,-2.0787642384001206
Davey Jude,-2.0904739238854897
Yi Cao,-2.093336415347014
Mitch Lowe,-2.093530819070597
Alex Beach,-2.093763774749585
Scott Hebert,-2.0948012223457773
Bob Burns,-2.0997026599089823
Michael Weaver,-2.1039360634226756
Federico Cabrera,-2.1065331871287682
Kevin Messer,-2.1065331871288207
Todd Balkin,-2.1112296001858515
Brian Smock,-2.111836611698238
David Byrne,-2.11807515613498
Zack Vervaecke,-2.119530169668005
James Hazen,-2.126137439466984
Rashid Ismail,-2.1271239993441817
Andy Bean,-2.1321629435476743
Daniel McCarthy,-2.132765200260124
Michael Hebert,-2.1373608285312082
Bob May,-2.1543545821798977
Seuk-Hyun Baek,-2.1571959551648794
Matt Hutchins,-2.157741162162733
Brandon Matthews,-2.166964644365764
Thomas Demarco,-2.1997736353930475
Joey Savoie,-2.1997736353930586
Scott Harvey,-2.1997792547919466
Chris Hemmerich,-2.2021750588245315
Richie Schembechler,-2.203091238345701
Terry Pilkadaris,-2.209317560605816
Brent Snyder,-2.222767455543698
Jeff Sorenson,-2.232193204180966
Steve Irwin,-2.240469917847037
Brett Patterson,-2.2404699178470486
Larry Nelson,-2.244608735402203
Shawn Lu,-2.2525926822618243
Austin Graham,-2.2537346008660872
Andrew Magee,-2.2741599755493165
Peter Williamson,-2.2748879146425
Mike Van Sickle,-2.2838571213660197
Ryan Lenahan,-2.3174832717111378
Jamie Broce,-2.3397973811638755
Bradley Neil,-2.3516103669078166
Jon Stanley,-2.384813689134939
Frank Adams III,-2.393907247878809
Francis McGuirk,-2.409718552546202
Adam Wootton,-2.409718552546217
Brad Ott,-2.418621025088656
Robert Gamez,-2.425366257264005
Kyle Flinton,-2.426002170987706
Greg Norman,-2.4273079304819425
Sulman Raza,-2.445851579864396
Bob Sowards,-2.44826545484098
Brian Norman,-2.4687353002380767
Mike Genovese,-2.4702228396995785
Ben Ferguson,-2.4764983245630274
Colin Monagle,-2.4940875078077256
Nathan Stamey,-2.5028917724105417
Steve Lee,-2.5144434180201594
Sonny Skinner,-2.5157938103155866
Pat Wilson,-2.526254646281764
Patrick Newcomb,-2.53525050240277
Jeff Karlsson,-2.5459195678609023
Robert Dinwiddie,-2.546779480551187
Mason Williams,-2.5514064578854168
Gerardo Ruiz,-2.5521835079484676
Soren Hansen,-2.553169426152016
Rick Lewallen,-2.5550542588703986
Kyle Sanders,-2.5692924118948226
Zachary Bauchou,-2.575644782426272
Sam Love,-2.588120345284515
Pat Carter,-2.5898935368755516
Chris Starkjohann,-2.596611395035141
Danny Renfro,-2.6065331871287567
Brandon McIver,-2.6458558025618966
Harry Ellis,-2.6657583798698967
Timothy Puetz,-2.672323452946904
Curt Sanders,-2.6868267784785145
Jim Rutledge,-2.693792453092978
Matthew Anderson,-2.699773635393048
Frederick Janneck,-2.7050428737054095
Bryn Parry,-2.7169994511472466
Mark Blakefield,-2.7268245121778913
Rob Corcoran,-2.7293639064411575
Makoto Inoue,-2.732038092632752
Robert McClellan,-2.759554098860189
Anthony Rodriguez,-2.7624787495839778
Alan Scheer,-2.7644112041069944
Garland Green,-2.781445513922326
Derek Chang,-2.7838571213660117
Stuart Deane,-2.784256756533233
Jaco Ahlers,-2.7845147108540447
Frank Bensel Jr.,-2.7861309782379404
Ray Otis,-2.795467656095882
Bill Walsh,-2.8015821620927275
Peter Jacobsen,-2.808960700407905
Jon Fiedler,-2.863635584521872
Scott Gregory,-2.889431799412777
Carl Cooper,-2.897505347662162
Steve Jones,-2.8996657140446165
Adam Hodkinson,-2.907069229858168
James Robinson,-2.909595748753799
David Saka,-2.9096371911210674
Andy Smith,-2.9097185525462166
Mark Wiebe,-2.911006383793705
Wyatt Worthington II,-2.9186210250886684
Rob Moss,-2.9260021709877186
Rich Steinmetz,-2.926002170987754
Steve Cutler,-2.9286498837201376
Matt Harmon,-2.933692246840479
Brandon Crick,-2.933692246840904
Nick Sherwood,-2.9360611625344726
Anthony Price,-2.9368542158698983
Gunner Wiebe,-2.9470993368745666
Thomas Kearney,-2.9476977369552086
Jake Younan-Wise,-2.948820611993931
Camden Backel,-2.9488206119939573
Dimitrios Papadatos,-2.9708500094860852
Michael Campbell,-2.972776029036654
Gary Clark,-2.9731129153814586
Ryan Polzin,-3.01414186338939
Sebastian Saavedra,-3.024989767251698
Johan Kok,-3.036974249242171
Toto Gana,-3.0493290871265972
David Muttitt,-3.0614652273078926
JJ Wood,-3.0658564085968165
Dave Bunker,-3.0663592353883304
Patrick Moore,-3.066619655767403
Alexander Hicks,-3.0692924118948186
Kenny Kim,-3.073404799964119
Don Littrell,-3.0764915258563192
Richard Finch,-3.0787642384000966
Ben Bates,-3.0872009041720987
Brian Anania,-3.090925573447156
Brian Agee,-3.0909255734471666
Justin Bardgett,-3.106533187128752
Carson Schaake,-3.119530169667997
Chad Sorensen,-3.121772385297874
Christian Brand,-3.1330344093463194
Joshua Brock,-3.1572979604878397
Eric Hallberg,-3.160747578562426
Tanner Kesterson,-3.1868267784784483
Jason Schmuhl,-3.1874145039017927
Steve Scott,-3.197816261311889
Andreas Halvorsen,-3.221981119614896
Chad Proehl,-3.2230127100742902
Dan Olsen,-3.2446087354021946
Faber Jamerson,-3.2446087354022124
Kirk Hanefeld,-3.2550017435386174
Gregory Casagranda,-3.2572133459962513
Kyle Ramey,-3.2605258084964723
Roman Robledo,-3.269073516988915
Daniel Nisbet,-3.271676087698417
Ernie Gonzalez,-3.2797515717117367
Jeff Templeton,-3.289260556886436
Audie Johnson,-3.3018523480840103
Blake Kennedy,-3.3125086069081475
Chad Kurmel,-3.3524692323861145
Leun-Kwang Kim,-3.3556707259904552
Donny Lee,-3.374162612811385
Brennan Webb,-3.39168929190145
Hiroo Kawai,-3.4097185525462197
Brian Ricketts,-3.4208337451747997
Bruce Smith,-3.4260021709876702
Cory McElyea,-3.433692246840266
Mark McCormick,-3.436061162534503
Bowen Xiao,-3.4418452671790223
Philip Barbaree,-3.445851579864381
Bryan Bigley,-3.4690866009612646
Sean Dougherty,-3.476525179146277
Bryden MacPherson,-3.4874740579212933
Craig Stadler,-3.5137455769307824
Taylor Funk,-3.603341253682433
Randy Lewis,-3.622891083736033
Ted Tryba,-3.6242045979712993
Mark Carnevale,-3.624204597971359
Jim McGovern,-3.6434814906201316
Miguel Suarez,-3.644788270740443
Savio Nazareth,-3.6506247632962094
David Hronek,-3.65503595013069
Jeff Rangel,-3.681531447284791
Ross Bell,-3.683812034192344
Tucker Wadkins,-3.692235593244708
Brian Hadley,-3.7169994511488196
Steven Young,-3.7227674555437162
Rhys Pugh,-3.7320380926323407
Chris Gilley,-3.7385916575952662
Michael Kinkopf,-3.7405861445174335
Matt Campbell,-3.7690735169889016
David Schultz,-3.7709160459154427
Clayton Portz,-3.7727125552052647
David Holmes,-3.7731631437147226
Jin Cheng,-3.7739886661757494
Scott Smith,-3.7773646651711736
David Solomon,-3.8338172223435785
Julien Brun,-3.846889327686242
Todd Fanning,-3.892418582890375
Jens Dantorp,-3.9095957487536555
Garrett Okamura,-3.927449343456186
Yui Ueda,-3.933692246841159
Jordan Payne,-3.9451361328423853
Nathan Tyler,-3.947099336874564
Chris Kaufman,-3.954870084352946
Alex Kim,-3.961645220251161
Trace Crowe,-3.9702228396996113
Brian McCann,-3.976498324563005
Vinnie Poncino,-3.9787595970883345
David Hutsell,-3.9943671198239024
Paul Trittler,-4.002181095196773
Fulton Allem,-4.013140005249839
Clark Richardson,-4.014443418020143
Lonny Alexander,-4.0145080620319815
Michael Hopper,-4.017690958344109
Vaita Guillaume,-4.022656248853019
Peter Jones,-4.0587028433872305
Brian Hutton,-4.066359235388333
Mark Sheftic,-4.097390117544818
Michael McCoy,-4.101229933721431
Alan Morin,-4.102435259266033
Kenny Leseur,-4.103341253682431
Jun Hak Lee,-4.106336083532596
Javier Cordova,-4.106533187128764
John O'Leary,-4.132410174516212
Charles Frost,-4.166725488276239
Eric Shriver,-4.1868267784785225
Loren Personett,-4.205042873705409
Eric Dietrich,-4.221981119614908
Merrick Bremner,-4.221981119614926
Judd Gibb,-4.232416438531791
Oskar Arvidsson,-4.23808869795034
Jeff Martin,-4.2550017435366785
Corey Prugh,-4.2861309782379715
Brandon Smith,-4.290905804885866
Dennis Downs,-4.306136703401867
Ryan Garrity,-4.312676673080251
Hiram Silfa,-4.328504293664047
Keith Clearwater,-4.360316905941921
Perry Moss,-4.362698116179868
Mitchell Sutton,-4.392418582890387
Willis Ring,-4.399203127600442
Darin Fisher,-4.401269353581766
Markus Brier,-4.409718552546225
Jose Trauwitz,-4.427307930481929
John Nieporte,-4.433692246841804
Efren Serna Jr.,-4.46706557834472
Ewan Porter,-4.473112915381412
Scott Medlin,-4.474254664527573
Ryan Zylstra,-4.492556203018716
Mike Heinen,-4.502336253301208
Brad Lardon,-4.507591107376876
Jeff Freeman,-4.527186061855158
Blake Olson,-4.54905954822617
Nathaniel Rau,-4.557385965587703
Grant Veenstra,-4.578764238400094
Devin Gee,-4.590473923885501
Rick Woodson,-4.605161549446935
David Carr,-4.618589457193118
Matthew Swan,-4.624204597971343
Kevin Stinson,-4.702175058824595
Tim Weinhart,-4.718524304034071
Dave McNabb,-4.729363906441237
Dave Levesque,-4.7669810414560265
Alan Cooke,-4.772712555205264
Lee Rinker,-4.781149731935564
Lee Houtteman,-4.782626848815468
Austin Jordan,-4.783857121366008
Adam D'Amario,-4.784387300924582
Chase Baldwin,-4.873854037750182
Matt Lee,-4.901269353581781
Keith Ohr,-4.926002170987666
Dennis Miller,-4.936061162534504
Kevin Savage,-5.023625701475834
Nolan Henke,-5.073404799964131
Manuel Trappel,-5.078764238400086
Mikey Moyers,-5.090925573447182
Jake Narro,-5.104172826949305
Zach Steffen,-5.119530169668024
Paul Claxton,-5.128223934124293
Jeffrey Schmid,-5.132410174516205
Cory Schneider,-5.132410174516211
Kevin Golding,-5.132780345005707
Azuma Yano,-5.145855802561763
Brian Rowell,-5.150414463271023
Drew Stoltz,-5.1770318571696725
Josh Whalen,-5.199773635393054
Alex Martin,-5.209317560605817
Eric Banks,-5.216999451149395
Jeff Olson,-5.222767455543701
Jerry Smith,-5.229363906441218
Dave Tentis,-5.229363906441247
Craig Stevens,-5.262051826408005
Chris Tallman,-5.264109943999463
Steve Lamontagne,-5.268498756971608
Ryan Stachler,-5.283857121366012
Dick Mast,-5.285522613015656
Aaron Krueger,-5.322362759407823
Jess Ferrell,-5.3294791686301695
David von Hoffmann,-5.421898182261669
Billy Downes,-5.422074229800067
Steve Holmes,-5.431631468700796
Greg Sonnier,-5.436854215869917
Tom Murray,-5.45169019980882
Chip Sullivan,-5.480726300050962
James Oh,-5.513018782255487
Min Lee,-5.518637930481935
Joe Boros,-5.551406457885436
David Ogrin,-5.573404799964117
Carlos Concha,-5.573404799964138
Todd Camplin,-5.575904968678476
Paul Chaplet,-5.606299305776762
Kirk Nelson,-5.638953241148944
Brooks Blackburn,-5.650118359448504
Inigo Urquizu,-5.677031857169661
Andrew Filbert,-5.746539991492204
Kelvin Burgin,-5.779908765255993
Matt Bova,-5.837200950318595
Angel Cabrera Jr,-5.852469232386694
Paul Earnest,-5.872406942229296
Justin YW Kim,-5.892418582890391
Brian Cairns,-5.900496768010011
Dave Eichelberger,-5.909637191121069
Cole Howard,-5.93606116253451
Austin Gutgsell,-5.936854215870002
Alejandro Quiroz,-5.964649983081419
Brad Sill,-5.970222839699594
Ian Keenan,-6.078764238400128
Kyle Bilodeau,-6.1223031221256035
Kiyoshi Miyazato,-6.145855802561899
Michael Blair,-6.199773635393061
Blaine Peffley,-6.209317560605843
Austin Peters,-6.222767455543686
Scott Erdmann,-6.24460873540222
Ryan Kennedy,-6.286761579521564
Mike Keymont,-6.291180416132016
Travis Wadkins,-6.325523352367282
Jeff Peck,-6.389489770989173
John Little II,-6.4476977369552255
Paul Norris,-6.477328081848718
Bennett Blakeman,-6.709317560605821
Frank Esposito Jr.,-6.729363906441189
Walker Lee,-6.769073516988911
Bill Murchison III,-6.786130978237984
Tyson Shinaut,-6.891689291901521
Simon Edwards,-6.945600292617209
Tim Parun,-6.94709933687459
Ron Streck,-7.073404799964138
Clayton Wonnell,-7.1923813534837455
Ben Boudreau,-7.193792453092998
Daniel Venezio,-7.2227674555437105
Zach Edmondson,-7.283857121366012
Michael Frye,-7.286130978238011
Scott Moran,-7.384120181372055
Ben Crenshaw,-7.501304755520457
Kip Henley,-7.514443418020151
Robert Calvesbert,-7.582385228458905
Dwayne Pearman,-7.603341253682416
Huang Ming-jie,-7.645699761601977
Dustin Volk,-7.729363906441097
Michael Barbosa,-7.740469917847015
Lee Rhind,-7.75500174353632
Mike Standly,-7.947697736955224
Craig Brischke,-7.998706296293173
Ian Marshall,-8.126137439466985
David Damesworth,-8.347848335696561
John Stoltz,-8.352469232386124
Mike Norman,-8.606533187128782
Preston Otte,-8.726067073020623
Dustin Garza,-8.951124029465186
John Bierkan,-8.95112402946521
Juan Campusano,-8.954870084352978
Peter Jung,-9.539522478002526
Clay Myers II,-9.773163143714768
Matt Pesta,-10.229363906441368
Craig Hinton,-10.409718552546234
Drew Goff,-10.420114285137688
Doug Wade,-10.78613097823803
Isaac Sanchez,-11.279908765255996
Guillermo Davila,-11.964649983081372
