Jason Dufner,9905.4722623867
Jim Furyk,15893.178507680428
Henrik Stenson,16677.86876535677
Jonas Blixt,-1907.8324745867585
Adam Scott,20524.154717215137
Scott Piercy,8634.991457340517
David Toms,3171.845411393111
Dustin Johnson,31244.038941193365
Jason Day,25241.836070528552
Rory McIlroy,25679.277936182625
Zach Johnson,18335.890933784227
Marc Leishman,17375.82274671536
Steve Stricker,11083.567470847605
Graeme McDowell,6304.7112886390705
Kevin Streelman,9757.707158855996
Roberto Castro,422.48884012254695
Boo Weekley,126.30278371584369
Marc Warren,-347.82007163806907
Hideki Matsuyama,23836.016262793368
Rickie Fowler,25295.52659978012
Keegan Bradley,16681.548573742104
Michael Thompson,-721.1143678466777
Matt Kuchar,27611.70874992403
David Lynn,-338.55375557019846
Kiradech Aphibarnrat,447.8282019481353
Robert Garrigus,-135.67735365699428
Bill Haas,11669.722843052667
Webb Simpson,24691.680331689866
Rafael Cabrera Bello,6441.586051664642
Scott Jamieson,-390.1910093551114
Ryo Ishikawa,-5123.93745463805
Miguel Angel Jimenez,-626.8505747882401
Paul Casey,21257.357045211713
Peter Hanson,909.7694640486044
Lee Westwood,5561.808016539338
Francesco Molinari,11781.032595898461
Martin Kaymer,3661.6737237580646
Justin Rose,24668.061137753426
Brendon de Jonge,-465.4877355736038
Charley Hoffman,12743.523147978007
J.J. Henry,-5895.950664035486
Tiger Woods,8413.282751047725
Thorbjorn Olesen,751.1073017377108
Matt Jones,6609.514456777396
Danny Willett,-943.6363815032732
D.A. Points,-9593.080631952673
Luke Guthrie,-400.21825250551433
Josh Teater,1259.8033566969027
David Hearn,1385.9300462102663
Ryan Palmer,10952.478926227008
Marcus Fraser,-1667.6668848749168
K.J. Choi,1063.6302468623817
Thongchai Jaidee,-1607.1377563830135
John Merrick,-3047.79781180504
Scott Stallings,1421.4139868189436
Ryan Moore,15211.852321270586
Shane Lowry,7267.387370998549
Hunter Mahan,-1769.9752368438583
Ken Duke,-6585.706213717879
Chris Kirk,7783.9124090798305
Tommy Gainey,-6103.89673214041
Sergio Garcia,13622.34869263726
Stephen Gallacher,-448.12040118707006
Harris English,11356.424775611744
Ian Poulter,9953.64710599546
Ben Curtis,-4982.051802627894
Brandt Snedeker,18086.58106838086
Tim Clark,-347.77799830240656
Vijay Singh,-2025.2309722432153
John Senden,398.5357289355445
Brooks Koepka,19931.5219554766
Matteo Manassero,-302.20573100520977
Phil Mickelson,21631.954898435466
Gary Woodland,17354.91971237763
Darren Clarke,-4018.161471678607
Charl Schwartzel,7589.975703255173
Davis Love III,-5164.146413064495
Woody Austin,-1467.8657409923103
Sang-Moon Bae,-5438.593032822755
Paul Lawrie,-641.9511804786057
Bubba Watson,14511.940610995978
Jimmy Walker,8235.767176943677
Mikko Ilonen,-376.79902496898757
David Muttitt,-2066.3378517966557
David Lingmerth,2219.1823074033223
Bernd Wiesberger,164.91993499642405
Ernie Els,-1938.6487736187576
Y.E. Yang,-1498.9932913318062
Russell Henley,8323.789139422328
Graham DeLaet,6541.1620834244095
Charlie Beljan,-10779.9311565414
Stewart Cink,7664.333051737142
Hiroyuki Fujita,-1114.9689079593934
Billy Horschel,11474.314855085973
Padraig Harrington,-3085.2630933453274
Peter Uihlein,1024.149185068091
Brett Rumford,-1834.389199346457
Scott Brown,-534.0357227849499
Kevin Stadler,-4065.912072889881
Richie Ramsay,-147.95632137230544
Matt Every,-10624.250474532579
Jeff Sorenson,-243.42225032658493
Derek Ernst,-8245.57893276141
Geoff Ogilvy,-2865.329725418874
Alexander Noren,5003.525359132198
J.C. Anderson,-91.0227806821396
Ryan Polzin,-549.0812227426285
George Coetzee,-214.0092863737219
Pablo Larrazabal,-1744.3518553361473
Chris Wood,74.66438793018912
Thomas Bjorn,-272.25255642425753
Kyle Stanley,6578.672367221748
Rob Labritz,-152.7285615533391
Robert Gaus,-125.13966480311724
Caine Fitzgerald,-125.13966480311724
Kevin Chappell,8321.989681771653
Shaun Micheel,-2142.1088553037503
Paul McGinley,-891.1412807700054
Mark Sheftic,-348.7120053408336
Stuart Smith,-520.0798646111527
Freddie Jacobson,911.1924771461015
Kirk Hanefeld,-176.31499098458372
Bob Sowards,-1433.3595305033848
Jeff Martin,-210.43187510556137
Sonny Skinner,-579.1609104366092
Mark Brown,-414.7529254536227
Chip Sullivan,-430.55317343854813
Lee Rhind,-329.8409695289832
Patrick Reed,21703.197838112206
John Rollins,-6063.693794290018
Rory Sabbatini,5383.124373788355
Justin Hicks,-1871.9179753782755
Shawn Stefani,1107.463457507919
Jonathan Byrd,-471.26920816175385
Glen Day,-987.0854341322047
Robert Allenby,-9837.51003059149
Camilo Villegas,-140.24543627090003
Nick O'Hern,24.30070583766536
Brendon Todd,-1124.2582950182004
Jason Bohn,-3836.26445719513
Ben Crane,680.8062487436737
Mark Wilson,-6231.554091933988
Doug LaBelle II,-347.1160634360294
Tag Ridings,-1217.1072666982723
Nicholas Thompson,-4450.814090775089
Chez Reavie,12849.487492301405
Brandt Jobe,562.1695688863576
Billy Mayfair,-1250.6204672103245
Brian Davis,-4139.233178440666
Eric Meierdierks,-604.6418095971703
Paul D. Haley,-1371.205549690387
Charles Howell III,19473.277099792198
Brian Gay,3245.4430318102677
Robert Streb,-242.22504349282647
Justin Leonard,-795.9274892201875
Stuart Appleby,-2080.3162642813872
Jim Herman,-4513.079300236213
Martin Flores,-751.8069845713566
Scott Verplank,-3233.1279828408497
Joe Affrunti,-2349.630898281071
Tom Gillis,-283.9751154224713
Cameron Tringale,3510.7029605293965
Jerry Kelly,2730.9534882794974
Stephen Ames,-1633.3738516857657
Steve Flesch,-3295.3254246552815
Tim Petrovic,-3259.6832802523527
Brad Fritsch,-1478.2308608486394
Ben Kohles,-993.6241275069888
Bob Estes,-1314.6763126494106
Arjun Atwal,-4926.369129921381
D.J. Trahan,-449.60276600180816
Nathan Green,-1108.0865810755367
Vaughn Taylor,8690.055615365936
Jeff Maggert,-2250.451001254503
Lee Williams,-912.4958632027505
Kevin Sutherland,219.34088583759134
Andres Gonzales,-3288.581652575389
Russell Knox,13116.102641816464
Chad Campbell,2361.770895130305
Jeff Overton,2104.896631776508
John Daly,-8120.8753367132185
Chase Seiffert,1125.6869692320433
Bud Cauley,8925.536709267384
George McNeill,-732.834471396545
Ross Fisher,1315.7672434678466
Chip Deason,-339.6981514871912
Scott Gardiner,-2823.8830539352657
Ryuji Imada,-1322.2858409430767
Greg Owen,-3771.267493435008
Trevor Immelman,-4964.235293043113
Fabian Gomez,-1709.4041653767702
Steve LeBrun,-169.8903692973173
Trent Whitekiller,-40.51379989366096
Cameron Percy,869.818622332275
Guan Tianlang,-803.562764267288
Jin Park,-1084.1841909456289
Heath Slocum,-5429.175657836034
Cameron Beckman,-8274.279278927095
Justin Bolli,-2100.1624829553953
Aaron Baddeley,6130.990322001267
David Mathis,-1686.7382624123193
Scott McCarron,-3722.7176854657246
Donald Constable,-765.6308565430336
Ricky Barnes,-932.2940358082608
Jeff Gove,-1684.2712960591834
Charlie Holland,-222.69263033653772
Cody Gribble,-7436.087209080113
D.H. Lee,-6167.881361201752
Matthew NeSmith,1462.0405707445238
Steven Fox,-852.2679618701836
Rod Pampling,-9767.654408599707
Sean O'Hair,3272.5807778428216
Steven Bowditch,-20362.065039891233
Michael Letzig,-903.8732515821803
Darron Stiles,-3919.2755819152794
David Duval,-9419.115823136024
Michael Bradley,-2428.8660918439246
Scott Moran,-1215.2787864290897
Vince Covello,-770.362211948545
William McGirt,5543.840482844257
Marcel Siem,702.6887872246873
James Driscoll,-648.6201090151019
Andres Romero,-2318.9638146907996
Luke List,7100.092830044864
Jason Kokrak,10353.699237684852
James Hahn,1840.4360168500052
Greg Chalmers,-6721.202742551451
Richard H. Lee,-1315.7151240971302
Mike Weir,-13678.768024572119
Alistair Presnell,37.38517938809815
Andrew Svoboda,-1487.4952978108047
Morgan Hoffmann,-3683.766971560255
Roger Sloan,-2865.431024014289
Casey Wittenberg,-543.5268675790079
Scott Langley,-1760.3382839515632
Will Claxton,-4095.5101570365746
Brendan Steele,8888.230282091181
Seung-yul Noh,-170.1507613966466
Brian Stuard,-1780.6344426224093
Pat Perez,9865.229908920479
Chris DiMarco,-2107.8177349400826
Daniel Summerhays,980.4480208944439
Charlie Wi,-194.69949910539228
Chris Stroud,-1258.9813838777004
Brian Harman,11141.863802193375
Corey Conners,768.6795232403075
Andrew Georgiou,-119.32128757359612
Eugene Wong,-158.70869945894182
John Huh,2065.6675556758987
Peter Laws,-82.22702149470004
Jesse Smith,-167.9190390329369
Adam Svensson,971.6303424572573
Will Collins,-207.6313081575951
Bobby Gates,-4275.979490609764
Mackenzie Hughes,-1271.4344997769595
Adam Hadwin,11365.538284138012
Albin Choi,-691.6556603804436
Billy Andrade,-549.2639727693597
Robert Karlsson,544.5049020669088
Stephen Gangluff,-1096.9053487213962
Bryn Parry,-148.32848447909424
Joey Snyder III,-1679.5916061229125
Brian Hadley,-181.37921597129133
Eric Banks,-230.955313209587
Jordan Spieth,26366.52665373923
Lucas Glover,9872.006018277185
Patrick Rodgers,1873.7125949337806
Troy Matteson,-7174.082029943551
Nick Watney,8765.40269036316
Bryce Molder,905.8621461453288
Erik Compton,-1784.3420295981527
Dicky Pride,-4390.916612245717
John Kimbell,17.991325610671808
Carl Pettersson,-8222.203195520084
Matt Bettencourt,-4282.795924511064
Gary Christian,-170.90992269766238
Steven Ihm,-173.80893060815936
Bill Lunde,-1481.750203836974
T.J. Vogel,-258.2531666253613
Wes Short Jr.,-1150.2405221040797
Louis Oosthuizen,11427.792404592548
Colt Knost,-3844.9923484884866
Connor Arendell,-906.6801245028482
Joe Ogilvie,-1738.064832146733
Sean McCarty,-561.5813709757114
Luke Donald,5588.0534743467015
Nicolas Colsaerts,-509.7396306589501
Gonzalo Fernandez-Castano,-2076.5797935289793
Michael Kim,-8319.667048269846
Martin Laird,8849.540142952073
Bo Van Pelt,-799.419434304572
Mathew Goggin,-1423.7112480095648
John Parry,-45.898922544020394
Morten Orum Madsen,59.30473997591818
Jamie Donaldson,1383.8724351955027
Edward Loar,-2449.383614986735
C.T. Pan,1633.5297191086925
Steven Alker,-596.7951445745691
Bio Kim,-251.254548586702
Matt Weibring,-832.2473588173139
Michael Weaver,-867.7931741234808
David Howell,168.3720654862697
Peter Hedblom,-36.64899661433146
John Peterson,804.8290777509376
Simon Khan,-31.128317226739302
Jaco Van Zyl,-967.9608144342943
Geoffrey Sisk,-68.50030639915045
Branden Grace,6361.805311998542
Ryan Yip,136.54203747736688
Randall Hutchison,-43.71721577466326
Michael Campbell,-608.3566286550956
Tano Goya,-507.5595831891786
Eddie Pepperell,451.391494185083
Rikard Karlberg,-297.80478598218315
Angel Cabrera,-4333.846431854728
Jose Maria Olazabal,-1546.175960152929
Zack Fischer,126.57216886825626
Yoshinobu Tsukada,-162.54764573179892
Matt Harmon,-171.6505732336688
Brandon Crick,-171.6505732336688
Roger Tambellini,-568.0561643540207
Cory McElyea,-188.84228437275522
Yui Ueda,-206.0339955118416
John Nieporte,-223.225706650928
Ryan Sullivan,-203.24753107613853
Grayson Murray,-1914.1079459161108
Richard Sterne,-3360.672833468763
Satoshi Kodaira,-10864.265747357822
Toru Taniguchi,-433.7412671744205
Daniel Popovic,-381.52012562417787
Johnson Wagner,1777.8810600615707
Henrik Norlander,1074.2834245812626
Patrick Cantlay,14250.609023209136
Jesper Parnevik,-1691.8150873934023
Kevin Na,16759.557859191482
Steve Jones,-2160.8850784503984
Jhonattan Vegas,5635.333092966647
Aaron Watkins,-443.99471267167615
Blake Adams,-1588.980003612611
Lee Janzen,-1644.3908371340938
Bart Bryant,-262.34443749247873
Brett Quigley,-569.7259655839001
John Mallinger,-1304.6889486320126
Troy Kelly,-2319.259068855735
Chris Starkjohann,-500.36899677118373
Mark Brooks,-4468.707303635124
Steve Marino,-843.9683065639492
Jeff Klauk,-605.2350619737156
Peter Tomasulo,185.81463949803833
Hank Kuehne,-711.6659972566615
Neal Lancaster,-2670.987937406703
J.B. Holmes,9256.761164971736
Jon Fiedler,-409.2125406177689
Retief Goosen,1397.9051733025258
Ted Potter Jr.,-4849.338127674412
Kelly Kraft,-5909.293208454353
Sam Saunders,-4473.568942901409
Joe Durant,-183.86579678972353
Alexandre Rocha,-977.5032284135497
Todd Hamilton,-2996.7097252758745
Si Woo Kim,173.52358785038692
Chris Riley,162.6294067945088
Alex Cejka,1031.5990096650485
Brett Nutt,-148.32848447909424
Mitch Lowe,-1228.1286945279576
John Hurley,-54.107245910612995
Glen Griffith,-82.89336688768789
Kris Blanks,-2942.7527577697174
Ken Looper,110.08025892159196
Hunter Haas,102.83512790789631
Matt Fast,-175.68304069081617
Tim Herron,-6633.786485846911
Jake Narro,-917.3627178001325
Franklin Corpening,-6.881242078008825
David Frost,-15.02429789404469
Kyle Reifers,-1056.5794499742192
Keith Clearwater,-3236.369258439542
Fred Couples,364.5332264771908
Kenny Perry,-2407.0942079900433
Peter Williamson,-690.479715134649
Duffy Waldorf,-620.5337245701094
Blayne Barber,-960.0810471511148
Jeff Quinney,-26.784171874572827
Brian Ricketts,-317.4144997821403
Andy Pope,-201.17031209162212
David S. Bradshaw,-1100.1647856347365
Rod Perry,-6068.664538562777
Thaworn Wiratchant,-113.2787168079336
Michael Hendry,-1278.963913342172
Justin Thomas,22028.612889853903
Chris Williams,-283.8203206554163
David Branshaw,-3.8648032793294997
Jay McLuen,-872.8358980385839
Brad Faxon,-2169.7933993279767
Frank Lickliter II,-3568.3294354444665
Paul Goydos,-2262.682601926285
Kyle Bilodeau,-869.7851125324535
Jonathan Randolph,-5265.226324758988
Peter Lonard,-366.7775392555036
Paul Stankowski,-682.9553918207275
Ryan Blaum,267.5758092090996
Andre Stolz,-7.335112118442559
Skip Kendall,-729.1243792940747
Kent Jones,-246.85196503663093
Marco Dawson,-531.7410737851549
Robert Gamez,-6643.952549312564
Kevin Kisner,11646.526435786931
Marc Turnesa,-2983.4032056979995
Andrew Johnson,-71.56549520689452
Omar Uresti,-5173.848258116008
David Peoples,-24.654779540550255
Eric Axley,-3620.1788755940247
Craig Barlow,-903.2430085333153
Steve Lowery,-1045.9124118333646
Jim Carter,-270.9832305493268
Tom Byrum,-197.8366967860852
Derek Sanders,-98.61911816220102
Jim Gallagher Jr.,-361.46077209964494
Parker McLachlin,-4110.694373074539
Matt Dobyns,-1808.412080445703
Nathaniel Rau,-172.5834567838518
Carlos Franco,-994.7843006240196
Robin Freeman,-431.9874270610683
Russ Cochran,22.255936125794015
Eduardo De La Riva,90.35643528915175
Steven Tiley,62.20437967572978
Oliver Fisher,-34.10957702678323
Shingo Katayama,22.122667047196447
Matthew Fitzpatrick,3054.976858942618
Mark O'Meara,-1465.1073942037851
Tom Lehman,-226.35542448700016
Gregory Bourdy,713.2959921160981
Gareth Wright,-16.791903903293687
Jimmy Mullen,-27.98650650548948
Kyung-tae Kim,-564.2744425526945
Shiv Kapur,136.83140441284542
Peter Senior,-100.18593587072182
Sandy Lyle,-3659.865134324088
Thomas Aiken,-861.7115899562646
Oscar Floren,-29.719004527257876
Alvaro Quiros,-309.6626402857957
Hyung-Sung Kim,-874.2659131067428
Niclas Fasth,-46.7774465877467
Ben Stow,-63.835888648235525
Tom Watson,-1213.5405874593398
Richard McEvoy,-70.3810101700557
John Wade,-97.95277276921318
Darryn Lloyd,-97.95277276921318
Lloyd Saltman,-115.011214829702
Brendan Jones,-1034.723256765776
Nick Faldo,-1116.293035850286
Makoto Inoue,-166.1865410111685
Grant Forrest,-644.7817971238986
Rhys Pugh,-200.30342513214615
Tyrrell Hatton,6415.470799636831
Shane Bertsch,-2376.4043111593437
Danny Lee,6192.399641866711
Hideto Tanihara,-288.9483125217835
Mark D. Anderson,-1941.8871214513324
Dean Wilson,58.961620936159115
Fred Funk,-1195.1727715679733
Josh Persons,-559.3711900460328
Kevin Carll,-92.62200962531043
Jeremiah Wooding,28.119775584087048
Scott Harrington,338.80035493903335
Michael Block,-6442.145606623384
Corey Pavin,-277.08363188093665
Arron Oberholser,-163.9209666750098
Andrew McLardy,-594.0913495628394
Kelly Mitchum,-1032.7638159666012
Daniel Nisbet,-1091.5280060210039
Matt Bova,-260.40777957964974
Bernhard Langer,-512.5290083021205
Larry Mize,-1254.0960422146677
Nathan Smith,-165.68740413812486
Ian Woosnam,-1806.7204894293898
Craig Stadler,-785.8726156386886
Alan Dunbar,-187.35632447417416
Ben Crenshaw,-1571.9697769838035
Steve Wheatcroft,-2649.509457382408
Michael Putnam,-94.00613824697572
Clayton Wonnell,-308.11810971757944
Jon Curran,-3788.04182563331
Sebastian Vazquez,-207.27013422644563
Jorge Garcia,-72.63164783567508
Rafael Campos,-671.0385047853765
Stephan Jaeger,-2370.9933980637297
Jeff Curl,-236.47715245173245
Edward Figueroa,-610.5034835786497
Chad Kurmel,-141.1319542348255
Miguel Suarez,-1185.3325024936444
Angel Cabrera Jr,-213.09725667751275
John Stoltz,-285.0625591202
Todd Baek,-471.08500901541623
Conrad Shindler,-700.0194889399128
Rich Beem,-2972.780085554229
Carl Cooper,-162.58827588903412
Mathias Gronberg,-657.5624208011373
Nate Smith,-371.4363672926904
Brad Adamonis,-1004.0894466961121
Jason Gore,-3208.2915028569837
Mark Silvers,-371.2776349418398
Dan Obremski,-174.17359130360083
Kevin Shields,-399.91140759390936
Pat Carter,-147.92867724330154
Ryan Zylstra,-929.4156139007907
Tim Wilkinson,-152.22765127297717
Will MacKenzie,-2989.7662949105043
Peter Malnati,-1225.6140186709677
Chad Collins,-5020.3446404922115
Wes Roach,-570.1925804062256
Ben Martin,1606.077932604345
Len Mattiace,-1711.6388125355838
Jose Coceres,-322.7809851422587
Tyrone Van Aswegen,-1922.9801542214648
Oscar Fraustro,-1086.9270850073683
Spencer Levin,1392.9866169597497
Jamie Lovemark,4284.074496165806
Billy Hurley III,-3754.4365861231577
Andrew Loupe,-8830.730097381147
Alex Prugh,-1924.9832964966724
Hudson Swafford,4785.396766450622
Jose de Jesus Rodriguez,-551.273020761809
Harrison Frazar,-2115.1329159060056
Chesson Hadley,341.26001113467123
Jordi Garcia Pinto,-148.8721369421038
Alex Aragon,-1276.1252272465322
Bronson La'Cassie,-499.5786846414196
Roberto Diaz,-2225.19334091105
Mark Calcavecchia,-1562.6219675792938
Joost Luiten,726.5046263075909
Oliver Goss,-197.6385555155427
Chang-woo Lee,-79.34711567936192
Jordan Niebrugge,-1289.4827569744027
Garrick Porteous,-634.954664913484
Michael McCoy,-216.47125733884175
Kevin Tway,2599.9844571320127
Victor Dubuisson,206.84414148607522
Brice Garnett,366.0688464135899
Kevin Foley,-1160.2622146535552
Miguel Angel Carballo,-4492.659709755982
Troy Merritt,-839.1183808661925
Daniel Chopra,-5962.698896211598
Jim Renner,-4116.995937416151
Max Homa,-4297.6380055603895
Willy Wilcox,414.72742294729176
Riley Wheeldon,-641.7507945467195
Austin Cook,2560.844011535891
Benjamin Alvarado,-1269.5259182551822
Grant Leaver,-4.64067966477586
Scottie Scheffler,4203.42794112453
Dustin Morris,-409.9992623944169
Kelvin Burgin,-344.1584847549023
Isaac Sanchez,-587.7849443043995
Jason Allred,97.41349128519283
Bobby Wyatt,-4977.722879619119
Armando Villarreal,-184.88648313637728
Sam Love,-207.41952326862327
Chris Thompson,-2988.032439575763
Briny Baird,-254.72115839840458
Stuart Deane,-3031.1603616387374
Case Cochran,-84.68914340978279
Will Strickler,-914.0094077577548
Dustin Bray,-91.48029113518668
Hunter Green,-114.78369161383424
Mark Hubbard,-654.7389857811008
David Carr,-2209.9667916607423
Rocco Mediate,-922.845855801733
Bubba Dickerson,-212.57895100897517
Andrew Putnam,2618.0402982702994
Ted Purdy,-4747.2238659755785
Brad Lardon,-1303.9338309844768
Joey Garber,-2279.78129963708
Adam Rainaud,-992.8173718740202
Sebastian Saavedra,-235.53767591228063
Dudley Hart,-1029.363731657242
Rick Lewallen,-703.0032310046538
Derek Tolan,-103.32689503429476
Toshinori Muto,-111.15444345117041
Eric Dugas,-1126.100768017139
Masahiro Kawamura,257.1196707568415
Martin Trainer,-7966.136118471511
Yusaku Miyazato,-3188.291883122546
Yan Liu,-407.64977187832625
Jared Sawada,-413.0115519053544
Kirk Nelson,-343.1955343219003
Edoardo Molinari,330.2280916752003
Byeong-Hun An,8298.54347297643
Kristoffer Broberg,-937.3111815844276
Koumei Oda,-416.97622602012956
Jamie McLeary,-23.881170738448734
Chris Rodgers,-3.85180173200786
Rhein Gibson,-2867.9782326851446
Dawie van der Walt,-550.3793405054598
Ashley Chesters,150.91121636278353
Paul McKechnie,-8.088783637216507
John Singleton,-31.96995437566524
Juvic Pagunsan,-241.85105467637874
Rhys Enoch,-254.86288937807694
Anirban Lahiri,991.3670352567909
Matthew Baldwin,-205.94596004901342
Masanori Kobayashi,-644.3575954300368
Victor Riu,-103.61346659101143
Bradley Neil,-1122.2381495448067
Christopher Hanson,-199.13814954480637
Jin Jeong,-1281.2534334058885
Matthew Southgate,649.1022644254219
Dong-Kyu Jang,-326.8748214394403
Mark Wiebe,-246.90049102170383
Bryden MacPherson,-663.900872547346
Kevin Penner,26.19225177765345
Chris Smith,-4076.5124810871766
Don Littrell,-220.3230590708496
Guy Boros,-493.62210231945716
Raymond Knoll,-113.24297092103109
Ryan Lenahan,-179.68655079816668
David Gossett,-237.0783966050838
Aaron Krueger,-646.7175108041197
Josh Broadaway,-1649.679732097709
James Vargas,-89.16921009598197
Hunter Hamrick,-233.0175598440209
Craig Stevens,-485.3973254532943
Taylor Pendrith,-362.727628191523
Joel Dahmen,2646.054551180122
Beon Yeong Lee,-166.3984837989753
Bill Walsh,-621.7423619649267
Chris Hemmerich,-182.76799218377298
Kevin Stinson,-296.39614327800484
Derek Lamely,-2278.008767256389
David von Hoffmann,-329.32904808667206
Siddikur Rahman,57.969616066718295
Gaganjeet Bhullar,-204.3038766450368
Scott Hend,-977.4213228462236
Prayad Marksaeng,-670.164327512178
Berry Henson,-435.01460638018057
Nicholas Fung,-874.1237399640174
Wade Ormsby,-547.0456564593769
Rashid Ismail,-272.5149725395561
Seuk-Hyun Baek,-1255.5940457625338
Derek Fathauer,-6292.880052759139
Alan Morin,-2156.792128861134
Julien Brun,-247.2856711949046
Daniel Berger,12933.817465716837
Lucas Bjerregaard,-1644.9029090576976
Garth Mulroy,-566.0867647573211
Zac Blair,-1435.4719189860207
Nicholas Lindheim,-3686.7877470809635
Fran Quinn,-527.340771431969
Clayton Rask,-68.56207082973991
Kyoung-Hoon Lee,1028.9758111584333
Hunter Stewart,-1591.4076571351493
Brian Campbell,-1804.8762928220274
Cameron Wilson,-243.13216992847566
Smylie Kaufman,-13579.770188643226
Tom Lewis,-928.471422411769
Maximilian Kieffer,-100.91720537860594
Maverick McNealy,1624.9581228416487
Anthony Broussard,-100.91720537860594
Graeme Storm,-489.6061230807185
David Oh,-122.67988516445034
Rob Oppenheim,-1301.4753146108462
Simon Griffiths,-144.44256495029475
Aron Price,36.450272499240356
Robby Shelton,-1146.6992594924927
Brandon McIver,-209.73060430782797
Will Grimmer,-763.2090727887895
Azuma Yano,-318.54400323705005
Kiyoshi Miyazato,-362.06936280873884
Darren Fichardt,-614.4185350026543
David Skinns,-300.0405636608647
Emiliano Grillo,9742.624208364557
Brady Watt,-107.0800881498185
Max Alverio,-1065.535328563656
Eric Morales,-188.92178214913974
Julian Etulain,-559.6750370218477
Timothy Puetz,-180.64950123116864
Carlos Ortiz,1527.696586498428
Garrett Osborn,-996.2937759464862
Neal Ajubita,-150.02767746170616
Harold Varner III,4293.555562210655
Steve Holmes,-344.3510748415027
WC Liang,-1450.369213204085
Tommy Fleetwood,9907.742082749033
Wenyi Huang,8.2813737238169
Li Haotong,-335.3121871784706
A-Shun Wu,-633.3562423524835
Raphael Jacquelin,-78.7822732659283
Mu Hu,-351.3896129678673
Huang Ming-jie,-584.8960930053936
Brian Agee,-243.62645954949716
Brian Anania,-243.62645954949716
Mikey Moyers,-343.00294423529994
Alexander Levy,-1089.765214935728
Fabrizio Zanotti,-259.3093384586161
Colin Montgomerie,-753.9821298244111
Johan Kok,-1945.0322554574282
Steve Schneiter,-175.22636766377673
Brian Norman,-1199.5360659870012
Rob Corcoran,-211.07873491403075
Dave McNabb,-305.8330575214241
Jim McGovern,-365.11362943860195
Jerry Smith,-329.52163817327244
Dave Tentis,-329.52163817327244
David Hronek,-1368.4374171457189
Frank Esposito Jr.,-400.5873801288175
Dustin Volk,-447.9645414325141
Matt Pesta,-566.4074446917558
Ki Taek Lee,-140.0129929584857
Paul Trittler,-270.58907167355216
Mark Blakefield,-741.476331973046
Michael Hebert,-1233.537470878789
Peter Jacobsen,-1574.648697529718
Alan Scheer,-416.1871771434493
Daisuke Maruyama,-238.12985394067425
Yoshitaka Takeya,-579.7747931410681
Cameron Smith,4238.499343963056
Tom Hoge,295.0901607242625
Byron Smith,-1374.0000000000002
Ted Brown,-197.40000000000003
Ryan Armour,2774.298680040844
Sung Joon Park,-1739.0832165015395
Dalton Ward,-265.8
Scott Pinckney,-1061.8150502852407
Whee Kim,-7452.512248872744
Tony Finau,20447.391642765404
Kelvin Day,-108.30000000000001
Jarrod Lyle,-1916.1945369093783
Ben Willman,-520.7845443577376
Andrew Landry,-99.076130590531
Ollie Schniederjans,-1146.9147647875627
Nick Taylor,4862.313144779898
Andy Sullivan,157.15866929090146
Gunn Yang,-1616.1000000000004
Prom Meesawat,-459.1893291672686
Angelo Que,166.20000000000002
Jason Knutzon,-355.92848396529826
Steve Lewton,-41.7
Danny Chia,-1752.7641623262496
Antonio Lascuna,-462.9000000000001
David Lipsky,-799.4552599095748
Sam O'Dell,-657.1802490959508
Garland Green,-357.90000000000003
Patrick Newcomb,-665.4000000000001
Brandon Hagy,-176.41109736292907
Alex Kang,-18.074978310295194
Tyler Dunlap,-134.40000000000003
Zack Sucher,-3207.176785760551
Anthony Paolucci,-212.56599777910753
Jeronimo Estevez,-198.00000000000003
Austin Connelly,-1671.9090775367456
Creighton Honeck,-87.60000000000001
Christopher Brown,-234.00000000000003
Carlos Sainz Jr.,-2060.7000000000003
Kevin Golding,-526.8000000000001
Scott Vincent,-347.42260863477327
Richard S. Johnson,-911.6633617633433
Daniel Miernicki,-236.25883582015177
Jake Knapp,-353.2801632647768
Kyle Thompson,-4784.532876979942
Chris Gilley,-1190.4273380117565
Wes Homan,-298.75845999529804
Nigel Spence,-83.10000000000001
Mark Baldwin,-396.53111981086755
Bob May,-520.776243509918
Hiroshi Iwata,-2917.8970629789137
Felipe Aguilar,-54.00000000000001
Hennie Otto,-137.62940588765818
Oliver Wilson,-659.2487495602591
Lian-Wei Zhang,-213.60000000000002
Zecheng Dou,-2571.538695926568
Chris Naegel,-294.38306714524214
Lee McCoy,-427.7538070966168
Bryson DeChambeau,11882.251551824505
Jeff Corr,-184.50000000000003
Joseph Juszczyk,-255.30000000000004
Zack Vervaecke,-290.70000000000005
Carson Schaake,-361.50000000000006
Zach Steffen,-503.1000000000001
Jon Rahm,18457.00956073003
Jean-Philip Cornellier,-235.50000000000003
Jun Hak Lee,-451.50000000000006
Soren Kjeldsen,438.29296319519256
Gary Stal,-440.1147521650099
Andrew Dodt,-1084.0262222259478
Nick Cullen,-810.2858263272238
Tom Johnson,48.00000000000001
Kyle Suppa,-77.10000000000001
Trey Mullinax,1005.0732293676247
Curtis Thompson,-135.3
Garrett Okamura,-1088.3049393106257
Cory Renfrew,-180.47864986306325
Michael Hopper,-1194.8620610842697
J.J. Spaun,-960.8033296573406
Blair Hamilton,-995.024734433995
Ryan Ruffels,-2078.420460977243
Marcelo Rozo,-128.4
James Beale,-335.70000000000005
Mark Hensby,-1449.807134486856
Garrett Rank,-1991.5100042259235
Scott Gutschewski,-268.5338831068908
Matt Thompson,-195.60000000000002
Sam Burns,1108.2587198130539
Nick Mason,-217.07369316325978
David Holmes,-432.6000000000001
Clay Myers II,-893.4000000000001
Steven Jeffress,-741.2776852088339
Daniel van Tonder,-618.7543052182154
Thomas Birdsey,-129.3
Lance Lopez,-235.6599559250908
J.J. Killeen,-786.5382099097375
Jimmy Gunn,112.20000000000002
Denny McCarthy,3830.4584904695485
Nick Hardy,108.27781603312012
Jack Maguire,-601.36938865381
Beau Hossler,4371.583397242471
Brad Elder,-31.500000000000004
Timothy O'Neal,-376.91691184171356
Oliver Farr,-168.90000000000003
Tjaart van der Walt,-168.90000000000003
Shunsuke Sonoda,-281.3457431440411
Sam Horsfield,-716.1673698673402
Michael Davan,-241.50000000000003
Kurt Barnes,-336.97086130830434
Davis Riley,-200.91247892758895
Pat Wilson,-350.40000000000003
Sebastian Cappelen,-418.9280114527703
Rich Berberian Jr.,-3118.1915519159434
Alex Kim,-1135.6864719998107
Patton Kizzire,-3718.001098680115
Cory Whitsett,159.90000000000003
Gregor Main,-926.9748553764879
Jay Woodson,-89.10000000000001
Manuel Villegas,-283.7458033654464
Efren Serna Jr.,-1380.295753210992
Gerardo Ruiz,-307.50000000000006
Rodolfo Cazaubon,-261.13984108954105
Byron Meth,-361.26083552835286
Matias Dominguez,-157.20000000000002
Scott Harvey,-742.2959174459679
Thomas Lim,-88.80000000000001
Jimmy Brandt,-216.00000000000003
Michael Kinkopf,-428.4000000000001
Brian Gaffney,-553.6864406238528
James Morrison,-939.2229921990921
Ryan Helminen,-128.79306371912614
Grant Sturgeon,-132.60000000000002
Benjamin Polland,-675.5303431098091
Brett Jones,-253.20000000000005
Brent Snyder,-333.6
Steven Young,-454.20000000000005
Charles Frost,-2115.1643029093684
Sean Dougherty,-569.813374705291
Jeff Olson,-574.8000000000001
Austin Peters,-655.2
Brian Cairns,-1044.6476352000996
Daniel Venezio,-735.6000000000001
Ryan Kennedy,-1838.4
Michael D. Smith,11.871201443255913
Zechariah Potter,-249.30000000000004
Paul Scaletta,-235.80000000000004
Jhared Hack,-805.4165102283466
Anthony Wall,16.302656198964257
Paul Dunne,-958.6034585485413
Scott Arnold,50.400000000000006
Ryan Fox,503.23604669655623
Romain Langasque,-47.4182374067458
Tadahiro Takayama,-385.8379297749698
Yuta Ikeda,-2913.215124434486
Daniel Brooks,-188.40000000000003
Adam Bland,-241.13899617737562
Scott Strange,-225.90000000000003
Alister Balcombe,-225.90000000000003
Jonathan Moore,-300.90000000000003
Ben Taylor,-1174.4079427072088
Gary Boyd,-491.30670837974947
Camden Backel,-315.00000000000006
Jake Younan-Wise,-315.00000000000006
Phil Schmitt,-1044.546419768457
Drew Scott,-276.90000000000003
Chad Sorensen,-1371.2030273913447
MJ Maguire,-121.50000000000001
Tommy Biershenk,-785.0929065685762
Tom Pernice Jr,-208.29456463500392
Chris Couch,-941.07495034577
Keith Fergus,-63.83858611754064
Anthony Kim,-131.79046203035728
Mike Miles,-153.4560120364452
Sung Kang,441.90802677128187
Gavin Coles,-619.6142551963057
Roland Thatcher,-2243.9118864932457
Patrick Sheehan,-578.3089941705111
Scott Dunlap,-276.81827117172736
Garrett Willis,-402.84723682218817
Robert McClellan,-467.82065977035205
Jess Ferrell,-199.81366815992791
David Hutsell,-857.77819089735
Brett Wetterich,-1108.8185369396006
Wilfredo Morales,-25.557562206502407
Will Dodson,-49.8980976412666
Andy Matthews,-78.7315584869866
Matt McQuillan,-987.9668968606702
Chris Kaufman,-122.91970394555919
Zack Miller,-1794.8052382996907
Robert Calvesbert,-1179.4138891666116
Juan Campusano,-244.62238111938018
Paul Imondi,-73.68543908887708
Matthew Giles,-102.67280401573261
Gregory Casagranda,-263.30114855069445
Anders Hansen,57.473243018840236
Kyung Kim,15.571654245080353
Corbin Mills,-92.71531224696545
Randy Lewis,-109.20049306414666
Jon Stanley,-109.53240945643888
Robert Damron,-262.20783524438826
David Damesworth,-241.7457723861808
Pierre-Henri Soero,-159.3893840956671
Steve Lamontagne,-190.52000917574523
Willie Wood,-111.18075839018468
Gene Sauers,-380.02506464099014
Notah Begay III,-1080.5648130291215
Zack Reeves,-20.02562233496509
John Inman,-43.481047390283315
Blaine McCallister,-101.97967253974244
Anthony Price,-90.39189750091977
Brian Bateman,-490.93160245094924
Fulton Allem,-357.34625966789844
Mike Heinen,-236.25903307576579
Greg Sonnier,-149.03046013921534
Spike McRoy,-1003.1886405573523
Austin Gutgsell,-160.75817266687446
Joseph Bramlett,-1083.5289479307307
Joey McLister,-15.268154045442996
David Byrne,-106.65580072323948
Tadd Fujikawa,-548.4479438597223
Miguel Tabuena,-982.9948110385999
Richard Lee,-5.200023479245078
Chase Wright,-454.71378527797793
Carl Paulson,-621.3151165002264
Tim Weinhart,-2014.2721727210524
Dong-hwan Lee,-102.56216521830187
Bhavik Patel,0.0
Phillip Mollica,0.0
Lee Bedford,0.0
Chris Wilson,-660.1481472167901
Paul Claxton,-1082.9428568266026
James White,0.0
James Nitties,-189.96040166305198
Stefan Wiedergruen,0.0
Frank Adams III,-122.80906514812845
Nick Flanagan,-591.456109867801
Bryan Bigley,-301.0657544811887
Simon Dyson,120.99362323874062
Rafael Echenique,24.89372942191793
Yoshinori Fujimoto,-23.01286986559524
Dale Whitnell,17.812846386350163
Lee Slattery,177.7792592354986
Adilson Da Silva,-17.480929994057924
Jeev Milkha Singh,-122.97696810236134
Warren Bennett,-24.56181302962569
Mardan Mamat,-535.5659606467786
Aaron Townsend,-10.842602148213142
Barry Lane,-40.493799859653166
Sam Walker,-40.493799859653166
Ash Hall,-40.493799859653166
Robert Rock,-200.04084853410848
Kodai Ichihara,-2001.038733543682
Elliot Saltman,-114.62179413825322
Paul Broadhurst,-467.2342265578927
Richard Finch,-144.27299184969326
Michael Hoey,-260.77564554426914
Grant Veenstra,-188.74978841685328
Manuel Trappel,-203.5753872725733
Ian Keenan,-233.2265849840133
Oliver Bekker,-866.7019813635144
Matt Hill,-243.6113596901626
David Markle,-16.59581961461195
Victor Ciesielski,-16.59581961461195
Andrew Parr,-69.7024423813702
Greg Doherty,-69.7024423813702
Jon Mills,-77.87574679894632
Ben Ferguson,-109.53240945643888
Brian McCann,-149.36237653150758
Darrell Kestner,-57.08961947426512
Roger Chapman,-71.1407467479699
Danny Balin,-759.6669042737461
Frank Bensel Jr.,-127.34525584278906
Marty Jertson,-2344.004639698667
Corey Prugh,-169.49863766390342
Bill Murchison III,-239.75427403242733
Michael Frye,-253.80540130613213
Doug Wade,-352.16329222206565
Jbe' Kruger,-449.6120222882788
Tetsuji Hiratsuka,-211.45324470162512
Bo Hoag,304.7094926354437
Alejandro Canizares,123.08679629317538
Michael Allen,168.70587980249755
Esteban Toledo,-13.750794297137169
Kirk Triplett,-157.24996118622508
Alejandro Munoz,-66.3832784584478
Greg Norman,-90.50253629835052
Oscar Serna,-157.27025089275526
Jose Trauwitz,-138.74105197815592
Lonny Alexander,-312.06890187652795
Todd Camplin,-577.8526414991155
Tyler Rody,-35.73633157013107
Savio Nazareth,-1525.3423311503084
Vaita Guillaume,-148.2559885572001
Justin Itzen,-54.32364953849646
Tom Gardner,-108.75793787442366
Austin Graham,-122.36650995840546
Shaaban Hussin,0.0
Todd Demsey,-27.32778296539435
Travis Wadkins,-228.69039428935272
Ik-Jae Jang,0.0
Han Lee,0.0
Jesse Mueller,-833.024636206672
Jae-Bum Park,-88.2476793494489
Olin Browne,-203.64678253360123
Anthony Summers,-46.80021131320571
Andy Zhang,130.00875596967308
Nick Sherwood,-130.44314217084994
Scott Smith,-271.29635062601744
Mark McCormick,-144.383630647124
Dennis Miller,-186.2050960759461
Cole Howard,-214.08607302849418
Brian Rowell,-347.3066277180459
Jonathan Fly,-76.67268661950722
Audie Johnson,-133.98358368863384
Casey Martin,-80.87696092187558
Dennis Downs,-743.3283339860095
Diego Velasquez,-91.42528983196814
Casey DeVoll,-85.52379041396694
Paul Norris,-223.82228720239988
Mike Carbone,-57.64281346141885
James Hazen,-117.38776407402187
Ian Marshall,-296.62261591183096
Xander Schauffele,9702.223139293761
Wesley Bryan,-3247.9417898106517
Braden Thornberry,88.7579573451071
Dominic Bozzelli,-2602.07355037362
Seamus Power,-1691.0873447763609
Ryan Brehm,-600.3933468510509
Brett Drewitt,-2969.0986969049004
Sebastian Munoz,2048.426171435138
Rick Lamb,-3643.394477932945
Jordan Russell,-154.48793498420466
J.T. Poston,4890.914677017087
Curtis Luck,-2555.8544109212103
Tyler Aldridge,-2997.7708666899116
Richie Schembechler,-950.3243188543581
Thomas Pieters,2314.7187873485454
Brad Dalke,-1026.1662232615008
Jeunghun Wang,-2210.4952599475105
Scott Gregory,-1648.2568936525822
Toto Gana,-452.2622628389556
Andrew Johnston,112.29200275097341
Jin Cheng,-1053.9241155000095
Brooks Blackburn,-833.1146947033393
Brett Coletta,-280.0385528414586
Matthew Griffin,-1594.769124618727
Richy Werenski,448.3102799109105
Matt Gilchrest,63.008674389328185
Derek Rende,-118.54965403621748
Will Cannon,-217.889978157776
S.M. Lee,-118.54965403621748
Mookie DeMoss,-222.16391858755716
Mike Genovese,-429.3924476902365
Trace Crowe,-584.813844517246
Brad Sill,-792.0423736199255
Brett Stegmaier,-2566.2004468788605
Zach Zaback,-876.0871896227652
Neil Johnson,-797.1764137553521
Wyndham Clark,1981.1764196054162
Billy Downes,-932.0616500406547
David Lawrence,-61.608481625120895
Cliff Kresge,-511.63583144697157
Kurt Slattery,-411.65667267694414
Darin Fisher,-761.7048637287674
Matt Lee,-820.0462289040713
Jordan Smith,121.4174833442136
Dylan Frittelli,2366.832437845911
Greg Gregory,-319.2439502392628
Jaysen Hansen,-1052.8358841166364
Kenny Pigman,-712.7113944945947
JJ Wood,-1332.8294744383738
Scott Hebert,-622.4392173283553
Jamie Broce,-558.2101819973075
Young-han Song,-609.2344662921296
Brandon Stone,-3702.396847492463
Mike Small,-1399.646284992696
Ryan Vermeer,-2138.3608369099393
Cameron Davis,1580.4399381635662
Aaron Wise,5531.425417047866
Abraham Ancer,3734.1020826732297
Jonathan Garrick,-270.70393441340997
Xin-Jun Zhang,-316.09123207480525
Richard Bland,384.11954831420076
Dean Burmester,-24.977261482574022
Bradley Dredge,-212.0391578261533
Jordan Zunic,-540.4338933885136
Chan Shih-chang,-553.0761418618807
Matthew Millar,-1377.4569787625526
Soo-min Lee,-1647.2783432151934
Jacques Blaauw,-487.26708194413794
Huilin Zhang,-632.8871294216964
Nathan Holman,-949.9975716234153
Gavin Green,-2137.1941106642876
Renato Paratore,-71.40983097457195
Sam Brazel,-241.76661728645928
Shaun Norris,-1402.9429852533162
Kramer Hickok,-310.85181503341437
Johnny Ruiz,-36.40501186938962
Hugo Bernard,-1172.4921734611398
Austin James,-149.3538948487779
Daniel Kim,-262.3027778281662
Jared du Toit,-109.08591575797914
Ray Otis,-1016.0732158930923
Sahith Theegala,-270.70393441340997
Kevin Hall,-483.0665036515161
Brent Grant,-218.4300712163377
John Chin,-3259.44156697648
Wesley McClain,-306.1754844399947
Alex Moon,-496.46484980898794
Sean Kelly,-184.82544487536268
Austin Smotherman,-351.4483838160305
Paul Earnest,-906.8581802849234
Jazz Janewattananond,-851.245475903601
Martin Piller,-5480.8886431738565
Jamie Sadlowski,-667.9971910348372
Dru Love,-3764.564122338825
Jason Widener,-239.89969360084953
Michael Johnson,233.34532540631346
Matt Atkins,-3102.944923804598
Drew Goff,-1271.8417608216246
Kurt Kitayama,391.9855868239947
Sihwan Kim,-907.2115224887827
Cameron Champ,636.2126464906712
Kevin Dougherty,-236.45920288029515
Talor Gooch,1653.24755936463
Tyler Light,-337.4464561739576
Tyson Alexander,-121.35003956463206
Shugo Imahira,-1659.4589650361766
Joel Stalter,-248.5951639698522
Joaquin Niemann,4973.062824557239
Matt Wallace,871.4129728746111
Aaron Rai,-406.00922740062083
Derek Barron,-629.0547030066277
Roman Robledo,-621.2188563866357
Matt Campbell,-676.759836033525
Walker Lee,-1010.0057139148607
Anders Albertson,-753.5469630978016
Clayton Portz,-640.8215550855377
Alan Cooke,-748.1696670080969
Cyril Bouniol,-50.40693951146255
Wade Binfield,-291.70682587651936
Hugo Leon,-343.0472272307868
Colin Monagle,-445.72802993932163
Keith Mitchell,1850.8223255012501
Charlie Danielson,-506.88341981024143
Justin Lower,7.934425663841327
Blake Kennedy,-648.2892498279766
Casey Russell,-486.94364232856236
Joshua Brock,-614.2178925655992
S.S.P. Chawrasia,-1072.8093543623488
Chan Kim,-644.9775697731583
David Drysdale,135.35196720670498
Laurie Canter,-7.981715663487137
Yi Keun Chang,-1046.1620335112775
Toby Tree,27.53712436274343
Mike Lorenzo-Vera,-732.9333194429503
Alfie Plant,-18.66923685609724
Joseph Dean,-54.607517804084424
Kent Bulle,-198.66833840877717
Mark Foster,-39.672128319206635
Julian Suri,509.3463166474382
Stuart Manley,-224.4975731945693
Connor Syme,-243.87023708458
Ashley Hall,-674.2205183557135
David Horsey,-358.9812550479825
Luca Cianchetti,-347.7145364448111
Nick McCarthy,-347.7145364448111
Harry Ellis,-2246.8743337174797
Phachara Khongwatmai,-914.3300008245781
Robert Dinwiddie,-723.0857431271596
Adam Hodkinson,-655.7569445704155
Jim Knous,-1015.1293809798794
Craig Hocknull,-1577.2272065110321
Michael Schoolcraft,-869.2833859145721
Chris Evans,45.73963029743824
Matthias Schwab,250.8460541555831
Gregory Havret,129.54476039732407
Ross McGowan,-46.959907907134074
Gareth Maybin,-2.7267043300916556
Erick Justesen,-18.77083111640761
Rhys Davies,-258.8414782546535
Matthew Richardson,-188.1209258344833
Ty Tryon,-188.75898575321258
Pablo Martin,-139.1629098839371
Jason Preeo,-73.72200596173735
Jean-Francois Lucquin,-6.3623101035471965
Rich Barcelo,-575.4920987926322
Steve Allan,-474.28900556516714
Michael Sim,-537.1103956777134
Paul Sheehan,-45.1421050204063
Kaname Yokoo,-127.14521302168127
Charles Warren,-132.61987020901913
Kent Eger,-70.9953016316457
Terry Pilkadaris,-96.8484982428851
Daniel McCarthy,-1065.3372515736219
Travis Hampshire,-167.9133075721964
Soren Hansen,-1092.7925362243493
Alex Martin,-174.4080880766033
Blaine Peffley,-200.2612846878427
Bennett Blakeman,-213.1878829934624
Wen-Chong Liang,-241.15173708182763
Steve Elkington,518.5800985643434
Fredrik Andersson Hed,-111.59197222055194
Stu Ingraham,-76.75167743961697
Ryan Benzel,-89.27431954818606
Kyle Flinton,-101.79696165675514
Rich Steinmetz,-114.31960376532423
Rob Moss,-114.31960376532423
Jason Schmuhl,-4108.1091781305895
Bruce Smith,-126.8422458738933
Keith Ohr,-164.41017219960057
Ignacio Garrido,91.09212243491383
Colm Moriarty,38.98177301538441
Zane Scotland,21.40967844368263
Hirofumi Miyase,-5.655386758708619
Andrew Coltart,3.8375838719808484
Eric Chun,-8.48308013806293
Ryuichi Oda,-51.80738227174146
Loren Roberts,-62.61321054284542
Philip Archer,-62.61321054284542
Jean Hugo,-62.61321054284542
Jamie Abbott,-76.14574314404105
Paul Streeter,-76.14574314404105
Katsumasa Miyamoto,-72.30815927206021
Thomas Levet,-128.6612770823284
Mark Haastrup,-103.2108083464323
Jose Manuel Lara,-84.4213870392523
Gary Clark,-130.27587354882354
Ewan Porter,-170.8734713524104
Simon Edwards,-471.09379232592505
J.P. Hayes,-144.21600525468872
Henrik Bjornstad,-292.16131951685776
Chris Tidland,-186.30467340524098
Michael Connell,96.51229759304718
Willis Ring,-152.79643153439537
Kevin Johnson,-953.5386031379782
Jeff Peck,-394.76474252428784
Jerod Turner,-957.2718532952551
Brenden Pappas,-577.6573617823805
Jay Williamson,-86.79654291526671
David Lutterus,-880.4225314718167
Chris Baryla,-1620.2612499810061
Greg Kraft,-1452.0552132489015
Craig Bowden,-1772.7822588200431
Brent Delahoussaye,-591.1898943835758
Tommy Armour III,-183.69908060876747
Brennan Webb,-113.20872422343503
Tyson Shinaut,-196.62567891438715
Chih-Bing Lam,-85.81323865131036
John Huston,-1243.801612973005
Jonathan Bartlett,-34.74023294635295
Patrick Moore,-328.31539915288784
Vance Veazey,-426.2012200815934
Dick Mast,-314.3789103546417
Warren Schutte,-54.53408660183311
Eddie Olson,-108.12409008473462
Ernie Gonzalez,-103.00883024790699
Daniel Mitchell,-29.084846187644327
Jordan Payne,-123.61059629748839
Jason Schultz,-21.005722246632015
James Kingston,-39.183751113909715
Michael Jonzon,-128.05411446504516
Ryan Garrity,-254.5933931911505
Perry Moss,-142.5965375588673
Drew Weaver,25.587229180780188
"Jerry Richardson, Jr.",-19.86843714028865
Curt Sanders,-98.36333398182491
Tanner Kesterson,-110.17905274555541
Eric Shriver,-133.81049027301643
Michael Clark II,-33.83133150298906
Chris Rogers,-154.51324537186048
Michael O'Neal,-65.54189297146239
Phil Tataurangi,-262.7221250671919
Jonathan Kaye,-2404.2464118542052
J.L. Lewis,-133.23712417918273
Jay Delsing,-227.93228418580986
David Schultz,-126.94323492315597
Dustin Garza,-255.80526178230235
John Bierkan,-255.80526178230235
Tim Thelen,-70.59134543459508
Shigeki Maruyama,-100.45743653751363
Brett Lederer,-80.08431606528455
Jeff Templeton,-113.10773517417238
Jerry Pate,-229.56057572015055
John Morse,-136.48581348887456
Santiago Luna,11.411762566679892
Nick Dougherty,-13.128576404145008
Grant Waite,-186.06142657411402
Ben Fox,-51.5044151239535
Jorge Campillo,-1668.2880045518043
Alejandro Quiroz,-146.43412143084817
Guillermo Davila,-279.7396664575513
Kevin Savage,-139.26389893319975
Aaron Goldberg,-172.99424138692615
Kevin Hayashi,-133.19927849733017
T.J. Kua,-34.23528770003968
Blake Trimble,-81.90211895201232
Gunner Wiebe,-105.23058933168538
Nathan Tyler,-129.0640049576717
Tim Parun,-200.56425183563067
Estanislao Guerrero,0.0
Daniel Barbetti,3.433627674930233
Peter Gustafsson,3.433627674930233
Cesar Costilla,-48.777710793861836
David Morland IV,-48.777710793861836
Ronnie Black,-48.777710793861836
Julio Santos,-357.8470124259896
Braxton Marquez,-61.401341951693574
Philip Francis,-61.19936385316827
Alex Hamilton,25.55022946345144
Chase Baldwin,-139.66785513025036
Liang Wen-Chong,0.0
Pariya Junhasavasdikul,0.0
Chao Li,0.0
Hao Yuan,0.0
Scott Gordon,-591.1922879407362
Danny Wax,3.7365948227181947
Shawn Jasper,0.0
James Sacheck,0.0
Scott Weatherly,0.0
Darren Angel,0.0
Brett Swedberg,0.0
Chris Baker,-263.47778198931866
David McKenzie,0.0
Tyler Leon,-89.84057476129965
Eric Onesi,0.0
Won Lee,0.0
Seath Lauer,0.0
Pablo Acuna,0.0
Jason Hill,0.0
Rob Grube,53.0192508628933
Brock Mackenzie,55.03903184814638
Bob Heintz,151.28159579545556
Paul Azinger,-18.178028867277703
Cam Burke,-26.964076153128595
Barrett Jarosch,-76.65068839035432
Lucas Lee,-2155.247367956387
Jim Rutledge,-101.49399450896718
Ben Boudreau,-213.28887204272505
Mike Perez,-62.0072762472695
John Ellis,-29.535872426152622
Isaac Weintraub,-73.11607166616143
Chris Marin,-73.11607166616143
Jeff Burns,-24.035393724511632
Mike Standly,-211.57205820525994
Thomas Kearney,-94.4247610605814
John Little II,-176.42786906185637
Ben Bates,-116.137406652052
Mark Anderson,-132.66988152998317
Scott Medlin,-147.14104477568674
Judd Gibb,-137.3451069972093
Andrew Magee,-186.72782487196645
Mike Keymont,-172.89325233766348
Chang-won Han,-65.03694772514912
Todd Fischer,-11.579459505663898
Seung-su Han,88.48531907137001
Tom Scherrer,-24.237371823036938
Bob Burns,-123.09126965427032
Kenny Kim,-78.26651317855678
Nolan Henke,-121.48982626297266
David Ogrin,-132.29565453407662
Carlos Concha,-132.29565453407662
Ron Streck,-164.71313934738853
Adam Schenk,2210.3144098488165
Hank Lebioda,-1045.9092963265937
Sungjae Im,8976.982257327069
Kristoffer Ventura,51.61264147685773
Sam Ryder,2603.045107210744
Kyle Jones,-3378.791276406482
Chip McDaniel,-59.03877699874435
Brandon Harkins,-506.9131350880648
Paul Barjon,46.6930873246412
Brady Schnell,-2179.8174049719487
Justin Harding,210.5160563539269
Benjamin Silverman,-1801.0012551995183
Adam Long,941.9416988482835
Viktor Hovland,2398.4668679027823
Bronson Burgoon,3227.217518749388
Justin Suh,-1067.068072564345
Nate Lashley,2916.63694493979
Austen Truslow,286.11934360631193
Sepp Straka,509.33089229623215
Bryson Nimmer,-303.22966408136756
Tom Lovelady,-1803.157553083463
Ben Griffin,15.398784117700817
Tyler Duncan,-830.3981913523838
Yuwa Kosaihira,-301.51812772401274
Kyle Sanders,-471.4014879902605
Alexander Hicks,-528.0292747456764
Hiram Silfa,-1314.470533107734
Yuki Inamori,-700.8930448411566
Rikuya Hoshino,-163.60105603453712
Seth Reeves,-3632.1261118912375
Peter Jung,-1427.1195732307885
Collin Morikawa,3826.8265380412804
Matthew Wolff,499.2721369304812
John Catlin,-1157.3924836852548
Charles Reiter,-1105.5073144963887
George Cunningham,-74.21587667427218
Cooper Musselman,-1208.8149712504573
Erik van Rooyen,1968.40200926742
Alexander Bjork,-1188.5025645484982
Jake McLeod,-267.6843831461286
Shubhankar Sharma,-983.2578547569804
Adrian Otaegui,-646.026303584425
Drew Nesbitt,-268.2368846309175
David Pastore,-128.65435762853264
Andrew Filbert,-3001.5725738752876
Alvaro Ortiz,-485.1513201556842
Paul Peterson,201.28660650865862
Doc Redman,711.2503254880013
John Lyras,-431.1659552956229
Nyasha Mauchaza,-295.44998722824715
Brian Dwyer,-244.39360599705813
Craig Brischke,-1375.9558711622988
Marcus Kinhult,-383.576858797992
Brandon Wu,539.0405022916253
Adri Arnaus,-427.68881049485174
Justin Walters,-82.95474024696891
Clement Sordet,-159.45192586393426
Hayden Shieh,-99.34699430774721
Matthieu Pavon,33.378509255260155
Mikumu Horikawa,-1383.155384965281
Luis Gagne,-184.6593517571478
Daniel Hillier,-275.19117423245973
Mito Pereira,-854.1054768718869
Matt Naumec,-509.65008079874315
Andreas Halvorsen,-685.4942607234557
Merrick Bremner,-802.7237140065974
Eric Dietrich,-802.7237140065974
Doug Ghim,-773.8203271026333
Todd Balkin,-540.9443840056836
Armando Favela,317.41364681325234
Shintaro Ban,-1609.5379742473604
Eamonn McLoughlin,-460.4733186164083
Matt Hutchins,-516.1076354287467
Zachary Bauchou,-1737.7124837472697
Andrea Pavan,-298.61509114176476
Carl Yuan,294.73566952908135
Sanghyun Park,-742.5004214863143
Jason Norris,-152.00090129085322
Jason Scrivener,-172.1431296042735
Yan-wei Liu,-908.2803691305089
JC Ritchie,-649.232607801128
Bowen Xiao,-916.9727574605067
Matthew Short,-250.35442565552296
Broc Everett,-504.62713696496417
Lee Houtteman,-828.5539325266117
Philip Eriksson,-182.30173455471612
Poom Saksansin,-265.30001383272116
Dylan Meyer,-230.59902936187993
Norman Xiong,-68.89740037947283
Chad Ramey,275.19117423245973
Hayden Buckley,-408.29167229412974
Dawson Armstrong,-751.9704943108947
Kyle Ramey,-633.8338236834271
Preston Otte,-1440.397211160471
Robert MacIntyre,635.334265481553
Sang-hyun Park,52.14569862645277
Andrew Wilson,124.68047785622274
Callum Shinkwin,137.09885214469114
Benjamin Hebert,-63.89103802172741
Inn-choon Hwang,88.41882493389501
Ashton Turner,-586.9974824760811
Paul Waring,65.10142146688509
Mikko Korhonen,-128.7710526470225
Yosuke Asaji,-297.6500759615541
Nino Bertasio,-165.4127455223991
Christiaan Bezuidenhout,477.42090155587914
Jack Senior,-1076.322897758262
Zander Lombard,-653.7920380487951
Sam Locke,-658.3347749211321
Dimitrios Papadatos,-685.9909956949945
Mike Miller,-328.77107643969856
Chris Tallman,-964.6593147282254
Thomas Detry,168.88989032317025
Justin Bertsch,-872.2631809845701
Rhadames Pena,-380.4989881986718
Ho Sung Choi,-689.4681404957656
Stephen Stallings Jr.,27.817158406169217
Cullan Brown,-39.738797723098884
Marcos Montenegro,-334.79937081710807
Tae Hee Lee,-2313.3299949275147
Tyler McCumber,1120.5014974000908
Mark Anguiano,-140.5759969454623
Jeff Brehaut,-200.68092850164936
Mark Mulder,-501.20558628258465
Dong Seop Maeng,-8.444494516158512
Doyeob Mun,-163.42580563624415
Hyungjoon Lee,-665.4186760678566
Hyun-woo Ryu,-551.6258229701785
Minchel Choi,-1031.221800914416
Lee Hodges,74.51024573081041
Garrett Barber,-109.28169373852192
Peter Jones,-778.8804353727381
Lucas Herbert,-660.2073662987991
Ben Cook,-188.75928918471968
Jason Caron,-316.91691184171356
John O'Leary,-829.5474024696891
Jeffrey Schmid,-957.705025126683
Cory Schneider,-957.705025126683
Richard Jung,-178.82458975394496
Etienne Brault,-155.9747810631631
Michael Gligic,-1278.5214194286818
JC Deacon,-269.23035457399493
Joseph Deraney,-382.48592808482675
Marc-Étienne Bussières,-897.7832743902509
Joey Savoie,-495.7415015956586
Thomas Demarco,-495.7415015956586
Matthew Anderson,-552.3692883510745
Josh Whalen,-835.508222128154
Michael Blair,-948.7637956389858
Ben Leong,-334.52490433076935
Rahil Gangjee,-596.578700818022
Leun-Kwang Kim,-906.5413230581933
Tucker Wadkins,-652.7097526018991
Harry Higgs,2103.8301683086515
Will Gordon,129.24383624097266
KK Limbhasut,-36.926810354563614
Vincent Whaley,-151.69932902415334
Lanto Griffin,1635.5033017695534
Nelson Lauta Ledesma,-2033.4696242546856
Jacob Bergeron,-820.8382484470471
Alex Beach,-1511.5041697834215
Harry Hall,-477.05446890490293
Isaiah Salinda,-1631.765808911122
Patrick Martin,-1077.3646426419302
Michael Gellerman,-1439.147581926506
Tyler Ota,-644.7701327301156
Tomoyo Ikemura,-404.6978810479877
Brandon Matthews,-497.5139178851341
Brian Smock,-2026.4035016709904
Kyle Westmoreland,-189.1251503294542
Alex Smalley,-297.90953759019567
Calum Hill,220.86740214543676
Jimmy Stanger,-706.4796114259038
Greyson Sigg,-60.294931373551776
Akshay Bhatia,-217.5687745214829
Cole Miller,-381.5047773821829
Henry Chung,-876.2632294947798
John Oda,568.1939611514285
Andrew Novak,-297.9272508369981
Mason Williams,-568.3734728898372
Joe Boros,-915.6850946030302
Zach Murray,-71.3585659554405
Victor Perez,306.8917347034679
Sean Yu,-441.6246914025513
Kyongjun Moon,-560.888308628777
Scott De Borba,-961.594102070866
MJ Daffue,11.47725186695896
Domenico Geminiani,-401.59234444902575
Chandler Phillips,-269.9649243489043
Justin Doeden,-169.6637232506977
Derek Gillespie,-429.7846845124355
Bryce Easton,-51.897138876684
Neil Schietekat,-224.7998069975817
Bobby Bai,-397.7117277376649
Patrick Fishburn,114.27350771885227
Michael Sims,-89.32296018198495
Daniel Augustus IV,-353.7987640727784
Gary Nicklaus,-353.7987640727784
Taylor Funk,-565.3794071854131
Kenny Leseur,-618.2745679635718
Dwayne Pearman,-988.5406934106827
Chase Koepka,-131.73889099465936
Jung-gon Hwang,-72.91960274484367
Jeongwoo Ham,-369.26810354563617
Won Joon Lee,-369.26810354563617
Tomoharu Otsuki,-77.845708315026
Jinichiro Kozuma,-152.69735092562792
Braden Bailey,94.81208064009577
Jeremy Gandon,-113.77449676811491
Michael Perras,-272.95899005332836
Scott Strohmeyer,114.02116019863615
Ethan Tracy,-3032.3504435784307
Taylor Moore,-271.10610622336657
Grady Brame Jr.,-71.44673557511105
Derek Bard,-265.0976729105152
Ben Wolcott,-232.93593242296478
Andrew Yun,-5650.653806067172
Ross Bell,-616.5951152372597
Steve Scott,-643.5099813785687
Joshua Creel,25.93614373617045
Paul McConnell,-1001.5639225594787
Chris Paisley,-352.3400658498627
Jesse Droemer,-362.12728990124776
Carter Jenkins,-389.531517245126
John VanDerLaan,203.57426026880955
Jay Don Blake,-135.06369190911403
Grover Justice,-135.06369190911403
Ryan Wenzler,-348.42517622930865
Santiago Rivas,0.0
Augusto Nunez,0.0
Jinho Choi,26.425504938739703
Seunghyuk Kim,-161.978558050423
Junghwan Lee,-463.4250588330833
Min Lee,-1217.041310789734
Grant Hirschman,14.191474874508359
A.J. McInerney,181.06364495062388
Daisuke Kataoka,613.7616634099869
Tatsuya Kodai,-351.85070464729347
Javier Colomo,-252.0210193231657
Sean Jacklin,-252.0210193231657
Vinnie Poncino,-751.1694459438045
Dino Giacomazzi,-262.29760457712
Ben Kern,108.63818697037433
Zach J. Johnson,-286.2763035030134
Shawn Warren,-480.0633397204379
Mickey DeMorat,143.38283235279135
Ty Strafaci,-42.574424623525076
Michael Miller,-345.9783702164624
Theo Humphrey,-406.6591593350499
Ryan Evans,-408.6962089020479
David Gazzolo,-467.3399484536373
Kristoffer Reitan,-528.0207375722248
Sulman Raza,-588.7015266908122
Philip Barbaree,-710.0631049279872
Tyler Torano,-229.99976520754927
Zach Cabra,-217.76573514331793
Ryan Baca,-676.2971819507087
Donny Lee,-623.4461720732293
Ryan Hogue,-16.63828088735463
Tom Whitney,-620.999366060383
Blake Taylor,-222.65934716901046
Logan Lagodich,-344.9996478113239
Davey Jude,-528.5100987747941
Devin Gee,-834.3608503805776
Kyle Owen,-448.7442227560057
Sean Crocker,146.80836077077612
Nicolai Hojgaard,-167.85089248125405
Marcus Armitage,-229.99976520754927
Ryuko Tokimatsu,-277.95716305933615
Thomas Curtis,-292.1486379338445
Danthai Boonma,-416.44638338643495
James Robinson,-665.0418742916158
Jens Dantorp,-789.3396197442063
Jaco Ahlers,-812.3395962649612
Zach Wright,56.27653829546418
Russell Budd,-390.0208784476952
Todd Fanning,-765.8502820208821
Mitchell Sutton,-828.4885159497466
Justin YW Kim,-1016.40321773634
Haydn Porteous,198.41097435805727
Yi Cao,-1288.1265030212244
Chad Proehl,-747.2201522520943
Richard T. Lee,-655.3635184930581
Adam D'Amario,-917.5522548173508
Will Zalatoris,-235.1080167927895
David Solomon,-1980.4695345755113
D.J. Brigman,-544.9295551900899
Bobby Hudson,-23.337896432245657
Steve Lee,-100.16707760742605
Clark Richardson,-138.58166819501625
Kip Henley,-228.21571289939337
Alex Carpenter,-48.74109343371659
Andy Bean,-94.17770595667274
Rick Woodson,-162.2293597126457
Brandon Smith,-136.30983756886843
Johan Edfors,125.88006969428079
Richard Green,27.881557684541267
Mike Northern,-75.48673580518395
Larry Nelson,-102.33564320511259
Dan Olsen,-129.1845506050412
Faber Jamerson,-129.1845506050412
Scott Erdmann,-209.7312728048271
Michael Arnaud,-61.752487019835854
Dan Forsman,-44.7137573237273
Mark Carnevale,-98.92789726589088
Ted Tryba,-98.92789726589088
Matthew Swan,-120.61355324275631
Erik Flores,-56.27944051138886
Matt Marshall,-132.64686667048565
John Cook,102.23237817665132
Federico Garcia,-19.31056032225636
Drew Stoltz,-147.66899069960746
Jon McLean,-364.0036547147988
Inigo Urquizu,-159.3379389157303
Floris De Vries,15.593019297650859
Kenneth Ferrie,-44.4039622383435
Rick Kulacz,7.4350820492110055
Peter Whiteford,-5.886106622292046
Mark Laskey,-59.170861308304254
Brad Kennedy,-59.170861308304254
Francis McGuirk,-112.45561599431646
Adam Wootton,-112.45561599431646
Andy Smith,-125.77680466581951
Hiroo Kawai,-139.09799333732255
Markus Brier,-165.74037068032865
Craig Hinton,-325.5946347383653
Leif Olson,-53.69781479985726
Drew Kittleson,-18.794235179950043
John Riegger,-77.6553014028705
Anthony Rodriguez,-101.19972789203868
Scott Parel,0.0
Philip Pettitt Jr,0.0
Brent Witcher,0.0
Brendan Gielow,0.0
Brian Duncan,0.0
Mitchell Gillis,0.0
Sean Shahi,0.0
Wade Ballard,0.0
Nathan Stamey,-105.22706400202799
Steve Dartnall,-65.47002804444135
James Oh,-197.33946938947543
Nick Price,3.407745939221711
Lee Rinker,-157.0661082895825
Michio Matsumura,-157.01823389220993
David Saka,-98.51483715204583
Dave Eichelberger,-161.09344439957178
Chan Yih-shin,0.0
Jeff Rangel,-115.14050673430933
Garrett Frank,-32.631748993759416
Christian Brand,-122.98864889736538
Jeff Freeman,-151.48979675267424
David Chung,-156.4465181188149
Lion Kim,-27.675027627618743
Steve Pate,31.082773566840455
Sal Spallone,23.854221574551975
Dave Schultz,-49.05088851910038
Jason Roets,-47.811708177565215
Federico Cabrera,-70.11695432519824
Kevin Messer,-70.11695432519824
Danny Renfro,-81.26957739901474
Justin Bardgett,-92.42220047283125
Javier Cordova,-114.72744662046426
Mike Norman,-215.10105428481285
Richard Scott,-15.696284326112123
Phillip Choi,-6.299166736137102
Tom Murray,-159.54446897265282
Christopher Deforest,-54.523935027547374
David Gleeson,0.0
Do-Hoon Kim,39.24071081528031
Christo Greyling,-51.32271914524819
Kenichi Kuboya,-51.32271914524819
Wes Heffernan,-95.31362126974665
David May,-5.886106622292046
Matthew Edwards,-42.75172178296328
Zack Byrd,-67.3287985567441
Brian Locke,-79.61733694363451
Dae-hyun Kim,-79.61733694363451
Andreas Hartoe,-91.90587533052494
Brett Patterson,-104.19441371741534
Steve Irwin,-104.19441371741534
Michael Barbosa,-239.36833597320987
Dustin Risdon,-57.725150909846555
Darren Wallace,-19.723620436101417
Dave Bunker,-121.33640844198516
Brian Hutton,-146.7396054434561
Frederick Janneck,-468.92881032294775
Loren Personett,-619.2630683674028
Sang-hee Lee,-170.29734380103577
James Heath,-332.853899247479
Lasse Jensen,-387.03941772962673
Paul Howard,-441.2249362117745
Oskar Arvidsson,-712.1525286225132
Arie Irawan,-512.5216710567057
Corey Nagy,-135.26009124866954
Blake Olson,-659.5966497939638
Adam Hart,-255.44601570155362
Alex Redfield,-302.29815574250847
Steve Cutler,-439.1878866447764
Ryan McClintock,-69.6670951913328
Trevor Fisher,-179.26036189582712
Nicholas Cochran,-148.70461839085658
Kyle Robbins,-271.7424122375379
Curtis Reed,-824.5976647208048
John Hahn,-285.59434929312454
Shawn Lu,-455.0768732673611
Jeff Karlsson,-505.5957025289124
Joseph Summerhays,-379.70603928843383
Tommy Sharp,-430.2248685499851
Brad Ott,-480.7436978115364
Wyatt Worthington II,-531.2625270730877
Adam Cornelson,-96.14873956230727
Branson Ferrier,-301.48333591570923
Dave Levesque,-712.1525286225132
Yosuke Tsukada,-435.9286073375796
Romain Wattel,-90.44500077471277
Chase Parker,-95.33391973550806
Kyle Mueller,-138.92678046926602
Patrick Wilkes-Krier,-138.92678046926602
Tyler Raber,-188.6307899040181
Christopher Crawford,-238.33479933877015
Thitiphun Chuayprakong,-238.33479933877015
Matthew Borchert,-288.0388087735222
Mike Van Sickle,-437.1508370777784
Derek Chang,-486.85484651253046
Austin Jordan,-685.6708842515387
Ryan Stachler,-735.3748936862908
Zach Edmondson,-934.190931425299
Ben Geyer,-141.77864986306327
Eric Hallberg,-532.892166726686
Gregory Yates,196.3715782586106
Vince India,-224.8902721965831
Jorge Fernandez-Valdes,57.037387875944994
Jacob Eggers,-170.70475371443536
Yoshio Yamamoto,-253.001556221156
Jesse Hutchins,-248.1126372603607
Jerry Haas,-350.7799354370617
Paul Chaplet,-532.892166726686
